route_short_name,direction_id,start_segment,destination_segment,baseline_median_seconds,sample_count
10,1,2,2,138.0,2323
10,1,2,3,211.0,2322
10,1,2,4,279.0,2320
10,1,2,5,408.0,2320
10,1,2,6,546.0,2319
10,1,2,7,697.0,2319
10,1,2,8,915.0,2319
10,1,2,9,1046.0,2316
10,1,2,10,1155.0,2316
10,1,2,11,1237.0,2312
10,1,2,12,1378.0,2312
10,1,2,13,1467.0,2311
10,1,2,14,1843.0,2299
10,1,2,15,1927.0,2279
10,1,2,16,2025.5,2242
10,1,2,17,2155.0,2182
10,1,2,18,2381.0,2171
10,1,2,19,2489.0,2155
10,1,2,20,2603.0,2138
10,1,2,21,2726.0,2138
10,1,2,22,2849.0,2138
10,1,2,23,2955.0,2138
10,1,2,24,3086.0,2138
10,1,2,25,3211.0,2138
10,1,2,26,3306.0,2138
10,1,2,27,3436.5,2138
10,1,2,28,3504.5,2132
10,1,2,29,3590.0,2129
10,1,2,30,3693.0,2129
10,1,2,31,3757.5,2126
10,1,2,32,3840.5,2124
10,1,2,33,3989.0,2121
10,1,2,34,4100.5,2112
10,1,2,35,4188.5,2110
10,1,2,36,4217.0,1072
10,1,2,37,4285.5,158
10,1,2,38,4854.0,19
10,1,2,39,5020.0,9
10,1,2,40,5007.0,7
10,1,2,41,5101.5,6
10,1,2,42,5170.0,4
10,1,2,43,5080.5,2
10,1,2,44,5138.0,2
10,1,2,45,5301.5,2
10,1,2,46,5760.0,1
10,1,3,3,39.0,2327
10,1,3,4,105.0,2325
10,1,3,5,234.0,2325
10,1,3,6,372.0,2324
10,1,3,7,522.0,2324
10,1,3,8,739.0,2324
10,1,3,9,871.0,2321
10,1,3,10,979.0,2321
10,1,3,11,1064.0,2317
10,1,3,12,1205.0,2317
10,1,3,13,1294.0,2316
10,1,3,14,1668.0,2304
10,1,3,15,1749.0,2284
10,1,3,16,1854.0,2247
10,1,3,17,1981.0,2187
10,1,3,18,2208.0,2176
10,1,3,19,2317.0,2160
10,1,3,20,2426.0,2143
10,1,3,21,2553.0,2143
10,1,3,22,2676.0,2143
10,1,3,23,2784.0,2143
10,1,3,24,2914.0,2143
10,1,3,25,3042.0,2143
10,1,3,26,3134.0,2143
10,1,3,27,3261.0,2143
10,1,3,28,3331.0,2137
10,1,3,29,3416.5,2134
10,1,3,30,3522.0,2134
10,1,3,31,3582.0,2131
10,1,3,32,3665.0,2129
10,1,3,33,3810.5,2126
10,1,3,34,3919.0,2117
10,1,3,35,4008.0,2115
10,1,3,36,4042.0,1075
10,1,3,37,4109.0,159
10,1,3,38,4731.0,19
10,1,3,39,4882.0,9
10,1,3,40,4888.0,7
10,1,3,41,4973.5,6
10,1,3,42,5033.0,4
10,1,3,43,4924.0,2
10,1,3,44,4981.5,2
10,1,3,45,5145.0,2
10,1,3,46,5622.0,1
10,1,4,4,39.0,2326
10,1,4,5,171.0,2326
10,1,4,6,305.0,2325
10,1,4,7,456.0,2325
10,1,4,8,670.0,2325
10,1,4,9,800.0,2322
10,1,4,10,912.0,2322
10,1,4,11,993.0,2318
10,1,4,12,1136.0,2318
10,1,4,13,1226.0,2317
10,1,4,14,1600.0,2305
10,1,4,15,1683.0,2285
10,1,4,16,1782.0,2248
10,1,4,17,1910.0,2188
10,1,4,18,2139.0,2177
10,1,4,19,2247.0,2161
10,1,4,20,2361.0,2144
10,1,4,21,2486.5,2144
10,1,4,22,2607.5,2144
10,1,4,23,2717.0,2144
10,1,4,24,2846.0,2144
10,1,4,25,2973.0,2144
10,1,4,26,3066.0,2144
10,1,4,27,3196.0,2144
10,1,4,28,3264.0,2138
10,1,4,29,3349.0,2135
10,1,4,30,3453.0,2135
10,1,4,31,3514.0,2132
10,1,4,32,3598.5,2130
10,1,4,33,3742.0,2127
10,1,4,34,3852.5,2118
10,1,4,35,3941.0,2116
10,1,4,36,3975.0,1076
10,1,4,37,4034.0,159
10,1,4,38,4654.0,19
10,1,4,39,4796.0,9
10,1,4,40,4812.0,7
10,1,4,41,4889.5,6
10,1,4,42,4958.0,4
10,1,4,43,4861.0,2
10,1,4,44,4918.5,2
10,1,4,45,5082.0,2
10,1,4,46,5536.0,1
10,1,5,5,100.0,2328
10,1,5,6,233.0,2327
10,1,5,7,384.0,2327
10,1,5,8,598.0,2327
10,1,5,9,729.5,2324
10,1,5,10,839.0,2324
10,1,5,11,923.0,2320
10,1,5,12,1064.5,2320
10,1,5,13,1155.0,2319
10,1,5,14,1530.0,2307
10,1,5,15,1611.0,2287
10,1,5,16,1710.0,2250
10,1,5,17,1836.0,2189
10,1,5,18,2067.5,2178
10,1,5,19,2174.5,2162
10,1,5,20,2286.0,2145
10,1,5,21,2413.0,2145
10,1,5,22,2535.0,2145
10,1,5,23,2643.0,2145
10,1,5,24,2779.0,2145
10,1,5,25,2905.0,2145
10,1,5,26,2994.0,2145
10,1,5,27,3124.0,2145
10,1,5,28,3194.0,2139
10,1,5,29,3277.5,2136
10,1,5,30,3382.5,2136
10,1,5,31,3445.0,2133
10,1,5,32,3528.0,2131
10,1,5,33,3668.0,2128
10,1,5,34,3781.0,2119
10,1,5,35,3870.0,2117
10,1,5,36,3902.0,1076
10,1,5,37,3955.0,159
10,1,5,38,4583.0,19
10,1,5,39,4741.0,9
10,1,5,40,4757.0,7
10,1,5,41,4829.0,6
10,1,5,42,4893.0,4
10,1,5,43,4805.5,2
10,1,5,44,4863.0,2
10,1,5,45,5026.5,2
10,1,5,46,5481.0,1
10,1,6,6,98.0,2327
10,1,6,7,249.0,2327
10,1,6,8,464.0,2327
10,1,6,9,595.0,2324
10,1,6,10,706.0,2324
10,1,6,11,787.0,2320
10,1,6,12,928.0,2320
10,1,6,13,1018.0,2319
10,1,6,14,1394.0,2307
10,1,6,15,1474.0,2287
10,1,6,16,1576.5,2250
10,1,6,17,1701.0,2189
10,1,6,18,1933.0,2178
10,1,6,19,2041.0,2162
10,1,6,20,2152.0,2145
10,1,6,21,2279.0,2145
10,1,6,22,2402.0,2145
10,1,6,23,2511.0,2145
10,1,6,24,2641.0,2145
10,1,6,25,2768.0,2145
10,1,6,26,2856.0,2145
10,1,6,27,2986.0,2145
10,1,6,28,3058.0,2139
10,1,6,29,3140.0,2136
10,1,6,30,3243.0,2136
10,1,6,31,3305.0,2133
10,1,6,32,3388.0,2131
10,1,6,33,3536.0,2128
10,1,6,34,3641.0,2119
10,1,6,35,3734.0,2117
10,1,6,36,3764.5,1076
10,1,6,37,3844.0,159
10,1,6,38,4463.0,19
10,1,6,39,4638.0,9
10,1,6,40,4654.0,7
10,1,6,41,4711.0,6
10,1,6,42,4760.5,4
10,1,6,43,4717.0,2
10,1,6,44,4774.5,2
10,1,6,45,4938.0,2
10,1,6,46,5378.0,1
10,1,7,7,114.0,2328
10,1,7,8,328.0,2328
10,1,7,9,459.0,2325
10,1,7,10,569.0,2325
10,1,7,11,651.0,2321
10,1,7,12,791.0,2321
10,1,7,13,881.5,2320
10,1,7,14,1254.5,2308
10,1,7,15,1341.0,2288
10,1,7,16,1438.0,2251
10,1,7,17,1564.0,2190
10,1,7,18,1796.0,2179
10,1,7,19,1903.0,2163
10,1,7,20,2011.5,2146
10,1,7,21,2137.5,2146
10,1,7,22,2261.5,2146
10,1,7,23,2370.5,2146
10,1,7,24,2501.5,2146
10,1,7,25,2624.0,2146
10,1,7,26,2718.0,2146
10,1,7,27,2848.0,2146
10,1,7,28,2920.0,2140
10,1,7,29,3001.0,2137
10,1,7,30,3101.0,2137
10,1,7,31,3167.0,2134
10,1,7,32,3249.0,2132
10,1,7,33,3398.0,2129
10,1,7,34,3501.0,2120
10,1,7,35,3591.0,2118
10,1,7,36,3628.0,1077
10,1,7,37,3714.0,159
10,1,7,38,4301.0,19
10,1,7,39,4512.0,9
10,1,7,40,4532.0,7
10,1,7,41,4571.5,6
10,1,7,42,4599.0,4
10,1,7,43,4569.0,2
10,1,7,44,4626.5,2
10,1,7,45,4790.0,2
10,1,7,46,5252.0,1
10,1,8,8,171.0,2328
10,1,8,9,302.0,2325
10,1,8,10,411.0,2325
10,1,8,11,491.0,2321
10,1,8,12,632.0,2321
10,1,8,13,723.0,2320
10,1,8,14,1096.0,2308
10,1,8,15,1183.0,2288
10,1,8,16,1281.0,2251
10,1,8,17,1404.0,2190
10,1,8,18,1639.0,2179
10,1,8,19,1742.0,2163
10,1,8,20,1850.0,2146
10,1,8,21,1978.5,2146
10,1,8,22,2098.0,2146
10,1,8,23,2209.0,2146
10,1,8,24,2343.5,2146
10,1,8,25,2466.0,2146
10,1,8,26,2557.0,2146
10,1,8,27,2692.0,2146
10,1,8,28,2760.5,2140
10,1,8,29,2842.0,2137
10,1,8,30,2946.0,2137
10,1,8,31,3011.0,2134
10,1,8,32,3093.0,2132
10,1,8,33,3234.0,2129
10,1,8,34,3339.0,2120
10,1,8,35,3437.0,2118
10,1,8,36,3471.0,1077
10,1,8,37,3539.0,159
10,1,8,38,4175.0,19
10,1,8,39,4365.0,9
10,1,8,40,4334.0,7
10,1,8,41,4432.5,6
10,1,8,42,4460.5,4
10,1,8,43,4436.5,2
10,1,8,44,4494.0,2
10,1,8,45,4657.5,2
10,1,8,46,5105.0,1
10,1,9,9,95.0,2325
10,1,9,10,200.0,2325
10,1,9,11,283.0,2321
10,1,9,12,420.0,2321
10,1,9,13,511.0,2320
10,1,9,14,883.0,2308
10,1,9,15,972.0,2288
10,1,9,16,1070.0,2251
10,1,9,17,1196.0,2190
10,1,9,18,1429.0,2179
10,1,9,19,1532.0,2163
10,1,9,20,1645.0,2146
10,1,9,21,1770.5,2146
10,1,9,22,1887.0,2146
10,1,9,23,1998.0,2146
10,1,9,24,2132.5,2146
10,1,9,25,2258.0,2146
10,1,9,26,2350.0,2146
10,1,9,27,2476.0,2146
10,1,9,28,2546.0,2140
10,1,9,29,2629.0,2137
10,1,9,30,2732.0,2137
10,1,9,31,2794.5,2134
10,1,9,32,2880.5,2132
10,1,9,33,3025.0,2129
10,1,9,34,3129.5,2120
10,1,9,35,3222.0,2118
10,1,9,36,3257.0,1077
10,1,9,37,3344.0,159
10,1,9,38,3984.0,19
10,1,9,39,4113.0,9
10,1,9,40,4104.0,7
10,1,9,41,4206.0,6
10,1,9,42,4274.5,4
10,1,9,43,4222.5,2
10,1,9,44,4280.0,2
10,1,9,45,4443.5,2
10,1,9,46,4853.0,1
10,1,10,10,67.0,2326
10,1,10,11,151.0,2322
10,1,10,12,287.0,2321
10,1,10,13,377.0,2320
10,1,10,14,751.0,2308
10,1,10,15,838.0,2288
10,1,10,16,936.0,2251
10,1,10,17,1064.0,2190
10,1,10,18,1295.0,2179
10,1,10,19,1397.0,2163
10,1,10,20,1510.5,2146
10,1,10,21,1631.5,2146
10,1,10,22,1758.0,2146
10,1,10,23,1864.0,2146
10,1,10,24,1998.5,2146
10,1,10,25,2127.5,2146
10,1,10,26,2215.0,2146
10,1,10,27,2345.0,2146
10,1,10,28,2415.0,2140
10,1,10,29,2499.0,2137
10,1,10,30,2598.0,2137
10,1,10,31,2661.0,2134
10,1,10,32,2745.0,2132
10,1,10,33,2891.0,2129
10,1,10,34,2997.0,2120
10,1,10,35,3085.0,2118
10,1,10,36,3122.0,1077
10,1,10,37,3195.0,159
10,1,10,38,3860.0,19
10,1,10,39,3998.0,9
10,1,10,40,3984.0,7
10,1,10,41,4088.5,6
10,1,10,42,4157.0,4
10,1,10,43,4099.0,2
10,1,10,44,4156.5,2
10,1,10,45,4320.0,2
10,1,10,46,4738.0,1
10,1,11,11,44.0,2322
10,1,11,12,181.0,2321
10,1,11,13,271.0,2320
10,1,11,14,642.0,2308
10,1,11,15,732.0,2288
10,1,11,16,826.0,2251
10,1,11,17,963.0,2190
10,1,11,18,1187.0,2179
10,1,11,19,1287.0,2163
10,1,11,20,1406.0,2146
10,1,11,21,1529.5,2146
10,1,11,22,1650.0,2146
10,1,11,23,1760.5,2146
10,1,11,24,1894.0,2146
10,1,11,25,2018.0,2146
10,1,11,26,2107.5,2146
10,1,11,27,2235.5,2146
10,1,11,28,2310.0,2140
10,1,11,29,2395.0,2137
10,1,11,30,2495.0,2137
10,1,11,31,2556.5,2134
10,1,11,32,2641.0,2132
10,1,11,33,2786.0,2129
10,1,11,34,2891.5,2120
10,1,11,35,2982.5,2118
10,1,11,36,3011.0,1077
10,1,11,37,3081.0,159
10,1,11,38,3746.0,19
10,1,11,39,3873.0,9
10,1,11,40,3872.0,7
10,1,11,41,3970.0,6
10,1,11,42,4038.5,4
10,1,11,43,3979.0,2
10,1,11,44,4036.5,2
10,1,11,45,4200.0,2
10,1,11,46,4613.0,1
10,1,12,12,96.0,2325
10,1,12,13,185.0,2324
10,1,12,14,554.0,2312
10,1,12,15,643.0,2292
10,1,12,16,740.0,2255
10,1,12,17,872.0,2194
10,1,12,18,1100.0,2183
10,1,12,19,1200.0,2167
10,1,12,20,1316.5,2150
10,1,12,21,1440.0,2150
10,1,12,22,1560.0,2150
10,1,12,23,1667.0,2150
10,1,12,24,1804.0,2150
10,1,12,25,1929.5,2150
10,1,12,26,2018.0,2150
10,1,12,27,2151.0,2150
10,1,12,28,2219.0,2144
10,1,12,29,2307.0,2141
10,1,12,30,2408.0,2141
10,1,12,31,2469.0,2138
10,1,12,32,2549.5,2136
10,1,12,33,2697.0,2133
10,1,12,34,2804.0,2124
10,1,12,35,2893.5,2122
10,1,12,36,2924.5,1080
10,1,12,37,3002.0,159
10,1,12,38,3653.0,19
10,1,12,39,3803.0,9
10,1,12,40,3792.0,7
10,1,12,41,3895.0,6
10,1,12,42,3963.5,4
10,1,12,43,3907.0,2
10,1,12,44,3964.5,2
10,1,12,45,4128.0,2
10,1,12,46,4543.0,1
10,1,13,13,56.0,2324
10,1,13,14,419.0,2312
10,1,13,15,508.0,2292
10,1,13,16,607.0,2255
10,1,13,17,739.0,2194
10,1,13,18,970.0,2183
10,1,13,19,1070.0,2167
10,1,13,20,1182.5,2150
10,1,13,21,1305.0,2150
10,1,13,22,1429.5,2150
10,1,13,23,1536.0,2150
10,1,13,24,1673.0,2150
10,1,13,25,1798.0,2150
10,1,13,26,1890.0,2150
10,1,13,27,2021.0,2150
10,1,13,28,2086.0,2144
10,1,13,29,2172.0,2141
10,1,13,30,2273.0,2141
10,1,13,31,2338.0,2138
10,1,13,32,2419.0,2136
10,1,13,33,2567.0,2133
10,1,13,34,2670.5,2124
10,1,13,35,2759.0,2122
10,1,13,36,2794.0,1080
10,1,13,37,2855.0,159
10,1,13,38,3513.0,19
10,1,13,39,3668.0,9
10,1,13,40,3639.0,7
10,1,13,41,3750.0,6
10,1,13,42,3818.5,4
10,1,13,43,3782.0,2
10,1,13,44,3839.5,2
10,1,13,45,4003.0,2
10,1,13,46,4408.0,1
10,1,14,14,327.0,2313
10,1,14,15,417.0,2293
10,1,14,16,516.5,2256
10,1,14,17,645.0,2195
10,1,14,18,877.0,2184
10,1,14,19,978.0,2168
10,1,14,20,1088.0,2151
10,1,14,21,1211.0,2151
10,1,14,22,1335.0,2151
10,1,14,23,1441.0,2151
10,1,14,24,1578.0,2151
10,1,14,25,1705.0,2151
10,1,14,26,1793.0,2151
10,1,14,27,1928.0,2151
10,1,14,28,1995.0,2145
10,1,14,29,2077.0,2142
10,1,14,30,2181.0,2142
10,1,14,31,2244.0,2139
10,1,14,32,2326.0,2137
10,1,14,33,2475.0,2134
10,1,14,34,2580.0,2125
10,1,14,35,2668.0,2123
10,1,14,36,2703.0,1081
10,1,14,37,2767.0,160
10,1,14,38,3423.0,20
10,1,14,39,3548.0,10
10,1,14,40,3556.5,8
10,1,14,41,3637.0,7
10,1,14,42,3716.0,5
10,1,14,43,3565.0,3
10,1,14,44,3600.0,3
10,1,14,45,3631.0,3
10,1,14,46,3904.5,2
10,1,14,47,3563.0,1
10,1,15,15,28.0,2308
10,1,15,16,131.0,2271
10,1,15,17,244.0,2210
10,1,15,18,488.0,2199
10,1,15,19,588.0,2183
10,1,15,20,696.0,2166
10,1,15,21,819.0,2166
10,1,15,22,939.5,2166
10,1,15,23,1045.0,2166
10,1,15,24,1176.5,2166
10,1,15,25,1306.0,2166
10,1,15,26,1395.0,2166
10,1,15,27,1520.5,2166
10,1,15,28,1591.0,2160
10,1,15,29,1675.0,2157
10,1,15,30,1774.0,2157
10,1,15,31,1838.0,2154
10,1,15,32,1920.0,2152
10,1,15,33,2064.5,2146
10,1,15,34,2169.5,2136
10,1,15,35,2259.0,2134
10,1,15,36,2306.5,1090
10,1,15,37,2384.0,165
10,1,15,38,3137.0,25
10,1,15,39,3307.0,14
10,1,15,40,3272.0,12
10,1,15,41,3403.0,11
10,1,15,42,3426.0,7
10,1,15,43,3467.0,5
10,1,15,44,3246.0,3
10,1,15,45,3277.0,3
10,1,15,46,3441.0,2
10,1,15,47,2992.0,1
10,1,16,16,89.0,2289
10,1,16,17,208.0,2226
10,1,16,18,435.0,2215
10,1,16,19,535.0,2199
10,1,16,20,647.0,2181
10,1,16,21,767.0,2181
10,1,16,22,885.0,2181
10,1,16,23,996.0,2181
10,1,16,24,1128.0,2181
10,1,16,25,1253.0,2181
10,1,16,26,1343.0,2181
10,1,16,27,1469.0,2181
10,1,16,28,1536.0,2175
10,1,16,29,1622.0,2172
10,1,16,30,1724.0,2172
10,1,16,31,1786.0,2169
10,1,16,32,1866.0,2167
10,1,16,33,2017.0,2161
10,1,16,34,2121.0,2151
10,1,16,35,2209.0,2149
10,1,16,36,2265.0,1103
10,1,16,37,2340.0,174
10,1,16,38,3092.0,25
10,1,16,39,3196.5,14
10,1,16,40,3234.5,12
10,1,16,41,3296.0,11
10,1,16,42,3361.0,7
10,1,16,43,3376.0,5
10,1,16,44,3211.0,3
10,1,16,45,3242.0,3
10,1,16,46,3362.5,2
10,1,16,47,2866.0,1
10,1,17,17,100.0,2265
10,1,17,18,328.0,2254
10,1,17,19,431.0,2235
10,1,17,20,538.0,2216
10,1,17,21,659.5,2216
10,1,17,22,780.0,2216
10,1,17,23,890.0,2216
10,1,17,24,1021.0,2216
10,1,17,25,1144.0,2216
10,1,17,26,1237.0,2216
10,1,17,27,1365.5,2216
10,1,17,28,1435.5,2210
10,1,17,29,1517.0,2206
10,1,17,30,1619.5,2206
10,1,17,31,1683.0,2203
10,1,17,32,1763.0,2201
10,1,17,33,1903.0,2195
10,1,17,34,2012.0,2185
10,1,17,35,2108.0,2183
10,1,17,36,2172.0,1137
10,1,17,37,2283.0,176
10,1,17,38,2940.0,26
10,1,17,39,3072.0,15
10,1,17,40,3128.5,12
10,1,17,41,3239.0,11
10,1,17,42,3243.0,7
10,1,17,43,3199.0,5
10,1,17,44,3096.0,3
10,1,17,45,3127.0,3
10,1,17,46,3247.0,2
10,1,17,47,2753.0,1
10,1,18,18,201.0,2317
10,1,18,19,300.5,2298
10,1,18,20,399.0,2276
10,1,18,21,516.5,2276
10,1,18,22,641.0,2276
10,1,18,23,746.5,2276
10,1,18,24,873.0,2276
10,1,18,25,1007.0,2276
10,1,18,26,1092.0,2276
10,1,18,27,1223.5,2276
10,1,18,28,1295.0,2270
10,1,18,29,1374.0,2266
10,1,18,30,1480.0,2266
10,1,18,31,1542.0,2263
10,1,18,32,1618.0,2261
10,1,18,33,1755.0,2255
10,1,18,34,1870.0,2245
10,1,18,35,1960.0,2243
10,1,18,36,2061.0,1197
10,1,18,37,2183.0,204
10,1,18,38,2781.0,26
10,1,18,39,2927.0,15
10,1,18,40,2965.5,12
10,1,18,41,3015.0,11
10,1,18,42,3054.0,7
10,1,18,43,2747.0,5
10,1,18,44,2724.0,3
10,1,18,45,2755.0,3
10,1,18,46,3069.0,2
10,1,18,47,2529.0,1
10,1,19,19,13.0,2309
10,1,19,20,137.0,2287
10,1,19,21,266.0,2287
10,1,19,22,386.0,2287
10,1,19,23,493.0,2287
10,1,19,24,626.0,2287
10,1,19,25,745.0,2287
10,1,19,26,835.0,2287
10,1,19,27,965.0,2287
10,1,19,28,1027.0,2281
10,1,19,29,1114.0,2277
10,1,19,30,1212.0,2277
10,1,19,31,1274.0,2274
10,1,19,32,1355.0,2272
10,1,19,33,1500.0,2266
10,1,19,34,1604.0,2256
10,1,19,35,1694.0,2254
10,1,19,36,1771.5,1198
10,1,19,37,2032.0,204
10,1,19,38,2568.0,26
10,1,19,39,2770.0,15
10,1,19,40,2807.5,12
10,1,19,41,2830.0,11
10,1,19,42,2790.0,7
10,1,19,43,2590.0,5
10,1,19,44,2445.0,3
10,1,19,45,2476.0,3
10,1,19,46,2870.0,2
10,1,19,47,2452.0,1
10,1,20,20,72.0,2306
10,1,20,21,193.0,2306
10,1,20,22,310.0,2306
10,1,20,23,415.0,2306
10,1,20,24,539.5,2306
10,1,20,25,665.0,2306
10,1,20,26,754.0,2306
10,1,20,27,875.0,2306
10,1,20,28,947.0,2300
10,1,20,29,1026.0,2296
10,1,20,30,1123.5,2296
10,1,20,31,1187.0,2293
10,1,20,32,1267.0,2291
10,1,20,33,1405.0,2285
10,1,20,34,1514.0,2274
10,1,20,35,1602.5,2272
10,1,20,36,1671.5,1210
10,1,20,37,1745.5,206
10,1,20,38,2508.5,26
10,1,20,39,2650.0,15
10,1,20,40,2658.0,12
10,1,20,41,2821.0,11
10,1,20,42,2781.0,7
10,1,20,43,2489.0,5
10,1,20,44,2436.0,3
10,1,20,45,2467.0,3
10,1,20,46,2814.0,2
10,1,20,47,2349.0,1
10,1,21,21,65.0,2328
10,1,21,22,187.0,2328
10,1,21,23,293.0,2328
10,1,21,24,417.0,2328
10,1,21,25,539.0,2328
10,1,21,26,631.0,2328
10,1,21,27,752.0,2328
10,1,21,28,820.0,2322
10,1,21,29,905.0,2318
10,1,21,30,1001.0,2318
10,1,21,31,1066.0,2315
10,1,21,32,1147.0,2313
10,1,21,33,1284.0,2307
10,1,21,34,1391.0,2296
10,1,21,35,1484.0,2294
10,1,21,36,1560.0,1231
10,1,21,37,1720.0,217
10,1,21,38,2335.0,27
10,1,21,39,2486.0,15
10,1,21,40,2516.0,12
10,1,21,41,2604.0,11
10,1,21,42,2661.0,7
10,1,21,43,2414.0,5
10,1,21,44,2315.0,3
10,1,21,45,2346.0,3
10,1,21,46,2718.0,2
10,1,21,47,2277.0,1
10,1,22,22,86.0,2328
10,1,22,23,191.0,2328
10,1,22,24,312.0,2328
10,1,22,25,434.5,2328
10,1,22,26,529.0,2328
10,1,22,27,646.0,2328
10,1,22,28,719.0,2322
10,1,22,29,800.0,2318
10,1,22,30,897.0,2318
10,1,22,31,962.0,2315
10,1,22,32,1042.0,2313
10,1,22,33,1179.0,2307
10,1,22,34,1288.0,2296
10,1,22,35,1379.0,2294
10,1,22,36,1449.0,1231
10,1,22,37,1561.0,217
10,1,22,38,2272.0,27
10,1,22,39,2389.0,15
10,1,22,40,2386.0,12
10,1,22,41,2544.0,11
10,1,22,42,2570.0,7
10,1,22,43,2306.0,5
10,1,22,44,2241.0,3
10,1,22,45,2272.0,3
10,1,22,46,2635.0,2
10,1,22,47,2202.0,1
10,1,23,23,92.0,2328
10,1,23,24,213.0,2328
10,1,23,25,336.0,2328
10,1,23,26,429.0,2328
10,1,23,27,547.0,2328
10,1,23,28,618.0,2322
10,1,23,29,699.0,2318
10,1,23,30,796.0,2318
10,1,23,31,860.0,2315
10,1,23,32,940.0,2313
10,1,23,33,1079.0,2307
10,1,23,34,1187.0,2296
10,1,23,35,1277.0,2294
10,1,23,36,1352.0,1231
10,1,23,37,1472.0,217
10,1,23,38,2148.0,27
10,1,23,39,2285.0,15
10,1,23,40,2279.0,12
10,1,23,41,2417.0,11
10,1,23,42,2456.0,7
10,1,23,43,2169.0,5
10,1,23,44,2145.0,3
10,1,23,45,2176.0,3
10,1,23,46,2542.0,2
10,1,23,47,2130.0,1
10,1,24,24,93.0,2328
10,1,24,25,217.0,2328
10,1,24,26,306.0,2328
10,1,24,27,427.0,2328
10,1,24,28,497.5,2322
10,1,24,29,578.0,2318
10,1,24,30,675.5,2318
10,1,24,31,740.0,2315
10,1,24,32,819.0,2313
10,1,24,33,956.0,2307
10,1,24,34,1067.0,2296
10,1,24,35,1158.0,2294
10,1,24,36,1238.0,1231
10,1,24,37,1368.0,217
10,1,24,38,2024.0,27
10,1,24,39,2127.0,15
10,1,24,40,2170.0,12
10,1,24,41,2311.0,11
10,1,24,42,2298.0,7
10,1,24,43,2004.0,5
10,1,24,44,2030.0,3
10,1,24,45,2061.0,3
10,1,24,46,2423.0,2
10,1,24,47,2050.0,1
10,1,25,25,90.0,2328
10,1,25,26,177.0,2328
10,1,25,27,300.0,2328
10,1,25,28,365.0,2322
10,1,25,29,446.5,2318
10,1,25,30,545.0,2318
10,1,25,31,608.0,2315
10,1,25,32,687.0,2313
10,1,25,33,828.0,2307
10,1,25,34,935.0,2296
10,1,25,35,1025.0,2294
10,1,25,36,1105.0,1231
10,1,25,37,1241.0,217
10,1,25,38,1905.0,27
10,1,25,39,1989.0,15
10,1,25,40,2035.5,12
10,1,25,41,2195.0,11
10,1,25,42,2160.0,7
10,1,25,43,1916.0,5
10,1,25,44,1951.0,3
10,1,25,45,1982.0,3
10,1,25,46,2332.0,2
10,1,25,47,2006.0,1
10,1,26,26,50.0,2328
10,1,26,27,175.0,2328
10,1,26,28,241.0,2322
10,1,26,29,324.0,2318
10,1,26,30,422.0,2318
10,1,26,31,484.0,2315
10,1,26,32,565.0,2313
10,1,26,33,706.0,2307
10,1,26,34,813.0,2296
10,1,26,35,903.0,2294
10,1,26,36,974.0,1231
10,1,26,37,1109.0,217
10,1,26,38,1800.0,27
10,1,26,39,1884.0,15
10,1,26,40,1930.0,12
10,1,26,41,2090.0,11
10,1,26,42,2055.0,7
10,1,26,43,1822.0,5
10,1,26,44,1857.0,3
10,1,26,45,1888.0,3
10,1,26,46,2257.0,2
10,1,26,47,1961.0,1
10,1,27,27,76.0,2328
10,1,27,28,142.0,2322
10,1,27,29,222.0,2318
10,1,27,30,321.0,2318
10,1,27,31,384.0,2315
10,1,27,32,462.0,2313
10,1,27,33,599.0,2307
10,1,27,34,710.0,2296
10,1,27,35,801.0,2294
10,1,27,36,874.0,1231
10,1,27,37,985.0,217
10,1,27,38,1692.0,27
10,1,27,39,1795.0,15
10,1,27,40,1826.0,12
10,1,27,41,1966.0,11
10,1,27,42,1972.0,7
10,1,27,43,1765.0,5
10,1,27,44,1733.0,3
10,1,27,45,1764.0,3
10,1,27,46,2184.5,2
10,1,27,47,1899.0,1
10,1,28,28,30.0,2322
10,1,28,29,112.0,2318
10,1,28,30,216.0,2318
10,1,28,31,278.0,2315
10,1,28,32,354.0,2313
10,1,28,33,501.0,2307
10,1,28,34,610.0,2296
10,1,28,35,697.0,2294
10,1,28,36,757.0,1231
10,1,28,37,877.0,217
10,1,28,38,1560.0,27
10,1,28,39,1682.0,15
10,1,28,40,1767.5,12
10,1,28,41,1908.0,11
10,1,28,42,1829.0,7
10,1,28,43,1656.0,5
10,1,28,44,1665.0,3
10,1,28,45,1742.0,3
10,1,28,46,2107.0,2
10,1,28,47,1887.0,1
10,1,29,29,71.0,2324
10,1,29,30,168.0,2324
10,1,29,31,227.0,2321
10,1,29,32,306.0,2319
10,1,29,33,444.0,2313
10,1,29,34,552.0,2302
10,1,29,35,644.0,2300
10,1,29,36,709.0,1237
10,1,29,37,767.5,222
10,1,29,38,1446.5,28
10,1,29,39,1631.0,15
10,1,29,40,1665.5,12
10,1,29,41,1805.0,11
10,1,29,42,1798.0,7
10,1,29,43,1605.0,5
10,1,29,44,1640.0,3
10,1,29,45,1700.0,3
10,1,29,46,2070.5,2
10,1,29,47,1845.0,1
10,1,30,30,79.0,2328
10,1,30,31,135.0,2325
10,1,30,32,215.0,2322
10,1,30,33,349.0,2316
10,1,30,34,462.0,2304
10,1,30,35,551.0,2302
10,1,30,36,622.0,1239
10,1,30,37,733.0,223
10,1,30,38,1341.0,28
10,1,30,39,1513.0,15
10,1,30,40,1560.5,12
10,1,30,41,1712.0,11
10,1,30,42,1701.0,7
10,1,30,43,1526.0,5
10,1,30,44,1561.0,3
10,1,30,45,1634.0,3
10,1,30,46,1989.0,2
10,1,30,47,1779.0,1
10,1,31,31,41.0,2325
10,1,31,32,116.0,2322
10,1,31,33,264.0,2316
10,1,31,34,373.5,2304
10,1,31,35,461.0,2302
10,1,31,36,518.0,1239
10,1,31,37,627.0,223
10,1,31,38,1260.0,28
10,1,31,39,1444.0,15
10,1,31,40,1481.5,12
10,1,31,41,1627.0,11
10,1,31,42,1590.0,7
10,1,31,43,1445.0,5
10,1,31,44,1480.0,3
10,1,31,45,1616.0,3
10,1,31,46,1928.0,2
10,1,31,47,1761.0,1
10,1,32,32,66.0,2325
10,1,32,33,201.0,2319
10,1,32,34,310.0,2307
10,1,32,35,401.0,2305
10,1,32,36,465.0,1241
10,1,32,37,531.5,224
10,1,32,38,1193.5,28
10,1,32,39,1361.0,15
10,1,32,40,1399.0,12
10,1,32,41,1577.0,11
10,1,32,42,1540.0,7
10,1,32,43,1410.0,5
10,1,32,44,1445.0,3
10,1,32,45,1581.0,3
10,1,32,46,1888.5,2
10,1,32,47,1726.0,1
10,1,33,33,100.0,2322
10,1,33,34,214.5,2310
10,1,33,35,310.0,2307
10,1,33,36,384.0,1242
10,1,33,37,483.0,225
10,1,33,38,1106.0,29
10,1,33,39,1239.0,15
10,1,33,40,1293.5,12
10,1,33,41,1405.0,11
10,1,33,42,1436.0,7
10,1,33,43,1331.0,5
10,1,33,44,1366.0,3
10,1,33,45,1435.0,3
10,1,33,46,1778.0,2
10,1,33,47,1580.0,1
10,1,34,34,85.0,2316
10,1,34,35,172.0,2313
10,1,34,36,275.0,1248
10,1,34,37,393.5,230
10,1,34,38,914.0,33
10,1,34,39,1049.5,18
10,1,34,40,1129.5,14
10,1,34,41,1223.0,12
10,1,34,42,1237.0,8
10,1,34,43,1149.0,5
10,1,34,44,1185.0,3
10,1,34,45,1331.0,3
10,1,34,46,1628.5,2
10,1,34,47,1476.0,1
10,1,35,35,59.0,2325
10,1,35,36,154.0,1260
10,1,35,37,280.0,242
10,1,35,38,787.0,41
10,1,35,39,1082.5,26
10,1,35,40,1094.5,20
10,1,35,41,1246.5,16
10,1,35,42,1329.0,12
10,1,35,43,1314.0,8
10,1,35,44,1416.0,6
10,1,35,45,1251.0,3
10,1,35,46,1536.0,2
10,1,35,47,1396.0,1
10,1,36,36,44.0,1263
10,1,36,37,157.0,245
10,1,36,38,661.0,43
10,1,36,39,941.5,28
10,1,36,40,1020.5,22
10,1,36,41,1108.5,16
10,1,36,42,1112.0,12
10,1,36,43,1146.0,8
10,1,36,44,1217.0,6
10,1,36,45,1211.0,3
10,1,36,46,1464.0,2
10,1,36,47,1356.0,1
10,1,37,37,43.0,245
10,1,37,38,467.0,43
10,1,37,39,824.5,28
10,1,37,40,876.5,22
10,1,37,41,918.0,16
10,1,37,42,1014.0,12
10,1,37,43,1039.5,8
10,1,37,44,1168.0,6
10,1,37,45,1012.0,3
10,1,37,46,1274.5,2
10,1,37,47,1022.0,1
10,1,38,38,293.0,43
10,1,38,39,553.0,28
10,1,38,40,734.0,22
10,1,38,41,595.0,16
10,1,38,42,803.0,12
10,1,38,43,704.0,8
10,1,38,44,938.0,6
10,1,38,45,671.0,3
10,1,38,46,909.5,2
10,1,38,47,707.0,1
10,1,39,39,258.0,28
10,1,39,40,392.0,22
10,1,39,41,397.0,16
10,1,39,42,516.0,12
10,1,39,43,390.0,8
10,1,39,44,550.5,6
10,1,39,45,434.0,3
10,1,39,46,658.5,2
10,1,39,47,579.0,1
10,1,40,40,73.5,22
10,1,40,41,159.0,16
10,1,40,42,173.0,12
10,1,40,43,231.5,8
10,1,40,44,302.5,6
10,1,40,45,332.0,3
10,1,40,46,572.0,2
10,1,40,47,477.0,1
10,1,41,41,64.5,16
10,1,41,42,103.0,12
10,1,41,43,195.5,8
10,1,41,44,271.5,6
10,1,41,45,303.0,3
10,1,41,46,538.5,2
10,1,41,47,448.0,1
10,1,42,42,39.0,12
10,1,42,43,124.0,8
10,1,42,44,215.5,6
10,1,42,45,248.0,3
10,1,42,46,496.0,2
10,1,42,47,393.0,1
10,1,43,43,64.5,8
10,1,43,44,150.5,6
10,1,43,45,216.0,3
10,1,43,46,429.5,2
10,1,43,47,361.0,1
10,1,44,44,40.5,6
10,1,44,45,180.0,3
10,1,44,46,374.0,2
10,1,44,47,325.0,1
10,1,45,45,146.0,3
10,1,45,46,317.0,2
10,1,45,47,291.0,1
10,1,46,46,81.0,2
10,1,46,47,121.0,1
10,1,47,47,71.0,1
10,2,2,2,239.0,2177
10,2,2,3,307.0,2141
10,2,2,4,370.0,2135
10,2,2,5,452.0,2124
10,2,2,6,490.0,2116
10,2,2,7,566.0,2114
10,2,2,8,629.0,2109
10,2,2,9,780.0,2107
10,2,2,10,850.0,2106
10,2,2,11,915.0,2106
10,2,2,12,1003.5,2106
10,2,2,13,1129.0,2105
10,2,2,14,1253.0,2105
10,2,2,15,1349.0,2100
10,2,2,16,1479.0,2100
10,2,2,17,1612.0,2099
10,2,2,18,1719.0,2098
10,2,2,19,1856.0,2097
10,2,2,20,1947.0,2095
10,2,2,21,2340.0,2087
10,2,2,22,2367.0,2069
10,2,2,23,2442.0,2067
10,2,2,24,2482.5,2042
10,2,2,25,2689.0,2033
10,2,2,26,3002.0,2032
10,2,2,27,3141.0,2032
10,2,2,28,3264.0,2032
10,2,2,29,3352.0,2031
10,2,2,30,3451.0,2031
10,2,2,31,3550.0,2031
10,2,2,32,3697.0,2031
10,2,2,33,3908.0,2031
10,2,2,34,4000.0,2031
10,2,2,35,4097.0,2026
10,2,2,36,4197.0,1913
10,2,2,37,4277.0,1896
10,2,2,38,4355.0,1886
10,2,2,39,4431.0,1864
10,2,2,40,4504.0,1685
10,2,2,41,4396.0,75
10,2,2,42,4526.5,2
10,2,2,43,5009.0,1
10,2,3,3,48.0,2148
10,2,3,4,107.0,2142
10,2,3,5,189.0,2130
10,2,3,6,227.0,2122
10,2,3,7,300.0,2120
10,2,3,8,362.0,2115
10,2,3,9,515.0,2113
10,2,3,10,585.5,2112
10,2,3,11,651.0,2111
10,2,3,12,738.0,2111
10,2,3,13,864.0,2110
10,2,3,14,990.0,2110
10,2,3,15,1085.0,2105
10,2,3,16,1214.0,2105
10,2,3,17,1351.0,2104
10,2,3,18,1455.0,2103
10,2,3,19,1592.0,2102
10,2,3,20,1682.5,2100
10,2,3,21,2075.0,2092
10,2,3,22,2101.0,2074
10,2,3,23,2177.5,2072
10,2,3,24,2216.0,2047
10,2,3,25,2423.5,2038
10,2,3,26,2740.0,2037
10,2,3,27,2868.0,2037
10,2,3,28,2995.0,2037
10,2,3,29,3083.0,2036
10,2,3,30,3183.0,2036
10,2,3,31,3278.0,2036
10,2,3,32,3428.0,2036
10,2,3,33,3640.0,2036
10,2,3,34,3733.5,2036
10,2,3,35,3830.0,2031
10,2,3,36,3929.0,1917
10,2,3,37,4008.0,1900
10,2,3,38,4088.5,1890
10,2,3,39,4160.5,1868
10,2,3,40,4235.0,1689
10,2,3,41,4146.5,76
10,2,3,42,4393.0,2
10,2,3,43,4945.0,1
10,2,4,4,36.0,2184
10,2,4,5,119.0,2172
10,2,4,6,156.0,2164
10,2,4,7,231.0,2162
10,2,4,8,293.0,2155
10,2,4,9,444.0,2153
10,2,4,10,514.5,2152
10,2,4,11,580.0,2148
10,2,4,12,668.0,2145
10,2,4,13,794.0,2144
10,2,4,14,920.0,2142
10,2,4,15,1015.0,2135
10,2,4,16,1143.0,2135
10,2,4,17,1279.0,2134
10,2,4,18,1385.0,2133
10,2,4,19,1523.5,2132
10,2,4,20,1612.0,2130
10,2,4,21,2004.0,2122
10,2,4,22,2027.0,2104
10,2,4,23,2106.0,2102
10,2,4,24,2144.0,2077
10,2,4,25,2349.0,2067
10,2,4,26,2668.5,2066
10,2,4,27,2799.5,2066
10,2,4,28,2924.5,2066
10,2,4,29,3010.0,2065
10,2,4,30,3112.0,2065
10,2,4,31,3210.0,2065
10,2,4,32,3356.0,2065
10,2,4,33,3567.0,2065
10,2,4,34,3657.0,2065
10,2,4,35,3757.0,2060
10,2,4,36,3854.5,1946
10,2,4,37,3937.0,1929
10,2,4,38,4012.0,1919
10,2,4,39,4087.5,1896
10,2,4,40,4159.5,1716
10,2,4,41,4084.0,83
10,2,4,42,3937.0,3
10,2,4,43,4819.0,1
10,2,5,5,47.0,2181
10,2,5,6,83.0,2173
10,2,5,7,157.0,2171
10,2,5,8,219.0,2163
10,2,5,9,369.0,2161
10,2,5,10,439.0,2159
10,2,5,11,506.0,2155
10,2,5,12,594.0,2152
10,2,5,13,717.0,2151
10,2,5,14,843.0,2149
10,2,5,15,939.0,2141
10,2,5,16,1068.0,2141
10,2,5,17,1201.0,2140
10,2,5,18,1309.0,2139
10,2,5,19,1445.0,2138
10,2,5,20,1535.0,2136
10,2,5,21,1925.0,2128
10,2,5,22,1951.0,2110
10,2,5,23,2029.0,2108
10,2,5,24,2067.0,2083
10,2,5,25,2275.0,2073
10,2,5,26,2589.0,2072
10,2,5,27,2723.0,2072
10,2,5,28,2845.5,2072
10,2,5,29,2931.0,2071
10,2,5,30,3032.0,2071
10,2,5,31,3133.0,2071
10,2,5,32,3278.0,2071
10,2,5,33,3485.0,2071
10,2,5,34,3581.0,2071
10,2,5,35,3680.5,2066
10,2,5,36,3775.0,1952
10,2,5,37,3861.0,1935
10,2,5,38,3937.0,1925
10,2,5,39,4010.0,1902
10,2,5,40,4083.5,1722
10,2,5,41,4028.5,86
10,2,5,42,3826.0,3
10,2,5,43,4749.0,1
10,2,6,6,36.0,2182
10,2,6,7,110.0,2180
10,2,6,8,172.5,2172
10,2,6,9,322.0,2170
10,2,6,10,392.0,2168
10,2,6,11,459.0,2164
10,2,6,12,545.0,2161
10,2,6,13,670.0,2160
10,2,6,14,795.0,2158
10,2,6,15,889.0,2150
10,2,6,16,1020.0,2150
10,2,6,17,1155.0,2149
10,2,6,18,1259.5,2148
10,2,6,19,1399.0,2147
10,2,6,20,1487.0,2145
10,2,6,21,1877.0,2137
10,2,6,22,1902.0,2117
10,2,6,23,1979.0,2115
10,2,6,24,2017.0,2090
10,2,6,25,2224.5,2080
10,2,6,26,2540.0,2079
10,2,6,27,2670.0,2079
10,2,6,28,2797.0,2079
10,2,6,29,2881.0,2078
10,2,6,30,2981.5,2078
10,2,6,31,3086.0,2078
10,2,6,32,3229.0,2078
10,2,6,33,3437.0,2078
10,2,6,34,3530.5,2078
10,2,6,35,3630.0,2073
10,2,6,36,3729.0,1959
10,2,6,37,3815.0,1942
10,2,6,38,3887.0,1932
10,2,6,39,3962.0,1909
10,2,6,40,4036.0,1727
10,2,6,41,3946.5,86
10,2,6,42,3784.0,3
10,2,6,43,3864.0,1
10,2,7,7,72.0,2188
10,2,7,8,135.5,2180
10,2,7,9,284.0,2178
10,2,7,10,355.0,2176
10,2,7,11,421.0,2172
10,2,7,12,509.0,2169
10,2,7,13,632.0,2168
10,2,7,14,758.0,2166
10,2,7,15,851.0,2158
10,2,7,16,983.0,2158
10,2,7,17,1118.0,2157
10,2,7,18,1223.0,2156
10,2,7,19,1361.0,2155
10,2,7,20,1451.0,2153
10,2,7,21,1837.0,2145
10,2,7,22,1866.0,2125
10,2,7,23,1943.0,2123
10,2,7,24,1981.5,2098
10,2,7,25,2189.0,2088
10,2,7,26,2500.0,2087
10,2,7,27,2632.0,2087
10,2,7,28,2760.0,2087
10,2,7,29,2840.0,2086
10,2,7,30,2946.0,2086
10,2,7,31,3045.0,2086
10,2,7,32,3188.0,2086
10,2,7,33,3395.0,2086
10,2,7,34,3492.0,2086
10,2,7,35,3588.0,2081
10,2,7,36,3690.0,1967
10,2,7,37,3773.0,1950
10,2,7,38,3847.5,1940
10,2,7,39,3924.0,1917
10,2,7,40,3995.0,1735
10,2,7,41,3904.0,92
10,2,7,42,3771.0,7
10,2,7,43,3565.0,3
10,2,8,8,59.0,2185
10,2,8,9,207.0,2183
10,2,8,10,278.0,2181
10,2,8,11,344.0,2177
10,2,8,12,432.0,2174
10,2,8,13,556.0,2173
10,2,8,14,681.0,2171
10,2,8,15,775.0,2163
10,2,8,16,905.0,2163
10,2,8,17,1039.0,2162
10,2,8,18,1147.0,2161
10,2,8,19,1283.5,2160
10,2,8,20,1374.0,2158
10,2,8,21,1761.0,2150
10,2,8,22,1791.0,2130
10,2,8,23,1866.5,2128
10,2,8,24,1905.0,2102
10,2,8,25,2113.0,2092
10,2,8,26,2420.0,2091
10,2,8,27,2555.0,2091
10,2,8,28,2680.0,2091
10,2,8,29,2763.0,2090
10,2,8,30,2862.0,2090
10,2,8,31,2966.0,2090
10,2,8,32,3114.0,2090
10,2,8,33,3315.0,2090
10,2,8,34,3410.0,2090
10,2,8,35,3513.0,2085
10,2,8,36,3612.0,1971
10,2,8,37,3695.0,1954
10,2,8,38,3775.0,1944
10,2,8,39,3845.0,1921
10,2,8,40,3922.0,1739
10,2,8,41,3808.5,96
10,2,8,42,3556.0,11
10,2,8,43,3506.0,5
10,2,8,44,4485.0,2
10,2,9,9,111.0,2192
10,2,9,10,182.0,2190
10,2,9,11,249.0,2186
10,2,9,12,335.0,2183
10,2,9,13,458.0,2182
10,2,9,14,583.0,2180
10,2,9,15,678.0,2172
10,2,9,16,808.0,2172
10,2,9,17,943.0,2171
10,2,9,18,1049.0,2170
10,2,9,19,1186.0,2169
10,2,9,20,1275.0,2167
10,2,9,21,1665.0,2159
10,2,9,22,1695.0,2139
10,2,9,23,1770.0,2137
10,2,9,24,1810.0,2111
10,2,9,25,2016.0,2101
10,2,9,26,2324.5,2100
10,2,9,27,2455.0,2100
10,2,9,28,2578.0,2100
10,2,9,29,2662.0,2099
10,2,9,30,2764.0,2099
10,2,9,31,2866.0,2099
10,2,9,32,3013.0,2099
10,2,9,33,3219.0,2099
10,2,9,34,3312.0,2099
10,2,9,35,3410.0,2094
10,2,9,36,3516.0,1980
10,2,9,37,3597.0,1963
10,2,9,38,3672.0,1953
10,2,9,39,3750.0,1930
10,2,9,40,3825.0,1748
10,2,9,41,3726.0,103
10,2,9,42,3560.5,18
10,2,9,43,3690.0,12
10,2,9,44,4387.5,6
10,2,9,45,4982.0,3
10,2,9,46,4974.5,2
10,2,10,10,45.0,2192
10,2,10,11,111.0,2188
10,2,10,12,196.0,2185
10,2,10,13,318.0,2184
10,2,10,14,440.0,2182
10,2,10,15,535.0,2174
10,2,10,16,664.0,2174
10,2,10,17,799.0,2173
10,2,10,18,907.0,2172
10,2,10,19,1043.0,2171
10,2,10,20,1131.0,2169
10,2,10,21,1521.0,2161
10,2,10,22,1553.0,2141
10,2,10,23,1631.0,2139
10,2,10,24,1668.0,2113
10,2,10,25,1877.0,2103
10,2,10,26,2183.0,2102
10,2,10,27,2315.0,2102
10,2,10,28,2436.0,2102
10,2,10,29,2516.0,2101
10,2,10,30,2619.0,2101
10,2,10,31,2724.0,2101
10,2,10,32,2871.0,2101
10,2,10,33,3070.0,2101
10,2,10,34,3166.0,2101
10,2,10,35,3263.0,2096
10,2,10,36,3367.0,1982
10,2,10,37,3451.0,1965
10,2,10,38,3530.0,1955
10,2,10,39,3608.0,1932
10,2,10,40,3682.5,1750
10,2,10,41,3566.0,105
10,2,10,42,3352.0,20
10,2,10,43,3421.5,14
10,2,10,44,3486.5,8
10,2,10,45,3567.0,4
10,2,10,46,3669.0,3
10,2,11,11,44.0,2193
10,2,11,12,128.0,2190
10,2,11,13,250.0,2189
10,2,11,14,373.0,2187
10,2,11,15,468.0,2179
10,2,11,16,596.0,2179
10,2,11,17,731.0,2178
10,2,11,18,838.0,2177
10,2,11,19,975.0,2176
10,2,11,20,1064.5,2174
10,2,11,21,1455.0,2166
10,2,11,22,1486.5,2146
10,2,11,23,1562.0,2144
10,2,11,24,1600.0,2118
10,2,11,25,1810.0,2108
10,2,11,26,2114.0,2107
10,2,11,27,2245.0,2107
10,2,11,28,2366.0,2107
10,2,11,29,2450.0,2106
10,2,11,30,2552.0,2106
10,2,11,31,2656.0,2106
10,2,11,32,2798.0,2106
10,2,11,33,2995.0,2106
10,2,11,34,3095.0,2106
10,2,11,35,3195.0,2101
10,2,11,36,3299.0,1987
10,2,11,37,3380.5,1970
10,2,11,38,3461.0,1960
10,2,11,39,3539.0,1937
10,2,11,40,3617.0,1755
10,2,11,41,3502.5,110
10,2,11,42,3310.0,25
10,2,11,43,3401.0,19
10,2,11,44,3492.0,13
10,2,11,45,3594.0,9
10,2,11,46,3729.0,6
10,2,12,12,67.0,2193
10,2,12,13,188.0,2192
10,2,12,14,311.0,2190
10,2,12,15,405.5,2182
10,2,12,16,537.0,2182
10,2,12,17,670.0,2181
10,2,12,18,778.0,2180
10,2,12,19,912.0,2179
10,2,12,20,1003.0,2177
10,2,12,21,1391.0,2169
10,2,12,22,1422.0,2149
10,2,12,23,1501.0,2147
10,2,12,24,1538.0,2121
10,2,12,25,1746.0,2111
10,2,12,26,2046.0,2110
10,2,12,27,2182.0,2110
10,2,12,28,2300.5,2110
10,2,12,29,2387.0,2109
10,2,12,30,2485.0,2109
10,2,12,31,2590.0,2109
10,2,12,32,2735.0,2109
10,2,12,33,2934.0,2109
10,2,12,34,3028.0,2109
10,2,12,35,3130.0,2104
10,2,12,36,3235.5,1990
10,2,12,37,3321.0,1973
10,2,12,38,3400.0,1963
10,2,12,39,3478.0,1940
10,2,12,40,3555.0,1758
10,2,12,41,3425.0,113
10,2,12,42,3268.5,28
10,2,12,43,3329.0,22
10,2,12,44,3456.0,16
10,2,12,45,3566.0,12
10,2,12,46,3696.0,9
10,2,12,47,4066.0,3
10,2,12,48,3998.5,2
10,2,13,13,90.0,2196
10,2,13,14,213.0,2194
10,2,13,15,306.0,2186
10,2,13,16,438.0,2186
10,2,13,17,572.0,2185
10,2,13,18,677.0,2184
10,2,13,19,812.0,2183
10,2,13,20,905.0,2181
10,2,13,21,1293.0,2173
10,2,13,22,1322.0,2153
10,2,13,23,1399.0,2151
10,2,13,24,1438.0,2125
10,2,13,25,1647.0,2115
10,2,13,26,1949.0,2114
10,2,13,27,2080.0,2114
10,2,13,28,2200.0,2114
10,2,13,29,2288.0,2113
10,2,13,30,2388.0,2113
10,2,13,31,2488.0,2113
10,2,13,32,2634.0,2113
10,2,13,33,2839.0,2113
10,2,13,34,2930.0,2113
10,2,13,35,3035.5,2108
10,2,13,36,3140.5,1994
10,2,13,37,3224.0,1977
10,2,13,38,3305.0,1967
10,2,13,39,3382.0,1944
10,2,13,40,3456.5,1762
10,2,13,41,3316.0,117
10,2,13,42,3201.0,32
10,2,13,43,3265.5,26
10,2,13,44,3380.5,20
10,2,13,45,3483.5,16
10,2,13,46,3616.0,13
10,2,13,47,4093.5,6
10,2,13,48,4227.5,4
10,2,14,14,95.0,2196
10,2,14,15,189.0,2188
10,2,14,16,318.0,2188
10,2,14,17,452.0,2187
10,2,14,18,559.0,2186
10,2,14,19,694.0,2185
10,2,14,20,783.0,2183
10,2,14,21,1169.0,2175
10,2,14,22,1198.0,2155
10,2,14,23,1276.0,2153
10,2,14,24,1313.0,2127
10,2,14,25,1521.0,2117
10,2,14,26,1821.0,2116
10,2,14,27,1954.0,2116
10,2,14,28,2073.5,2116
10,2,14,29,2160.0,2115
10,2,14,30,2260.0,2115
10,2,14,31,2361.0,2115
10,2,14,32,2510.0,2115
10,2,14,33,2709.0,2115
10,2,14,34,2804.0,2115
10,2,14,35,2905.0,2110
10,2,14,36,3016.0,1996
10,2,14,37,3098.0,1979
10,2,14,38,3174.0,1969
10,2,14,39,3251.5,1946
10,2,14,40,3324.5,1764
10,2,14,41,3223.0,119
10,2,14,42,3134.0,34
10,2,14,43,3220.0,28
10,2,14,44,3342.0,22
10,2,14,45,3445.0,18
10,2,14,46,3542.0,15
10,2,14,47,3629.5,8
10,2,14,48,3734.5,6
10,2,15,15,38.0,2189
10,2,15,16,166.0,2189
10,2,15,17,300.5,2188
10,2,15,18,406.0,2187
10,2,15,19,540.0,2186
10,2,15,20,629.5,2184
10,2,15,21,1015.0,2176
10,2,15,22,1044.0,2156
10,2,15,23,1120.0,2154
10,2,15,24,1154.0,2128
10,2,15,25,1367.0,2118
10,2,15,26,1670.0,2117
10,2,15,27,1801.0,2117
10,2,15,28,1924.0,2117
10,2,15,29,2006.0,2116
10,2,15,30,2106.0,2116
10,2,15,31,2206.0,2116
10,2,15,32,2356.0,2116
10,2,15,33,2559.0,2116
10,2,15,34,2653.0,2116
10,2,15,35,2750.0,2111
10,2,15,36,2857.0,1997
10,2,15,37,2941.5,1980
10,2,15,38,3020.0,1970
10,2,15,39,3098.0,1947
10,2,15,40,3173.0,1765
10,2,15,41,3075.5,120
10,2,15,42,3095.0,35
10,2,15,43,3203.0,29
10,2,15,44,3290.0,23
10,2,15,45,3392.0,19
10,2,15,46,3462.5,16
10,2,15,47,3553.0,9
10,2,15,48,3657.0,7
10,2,15,49,4969.0,1
10,2,15,50,5020.0,1
10,2,15,51,5109.0,1
10,2,16,16,100.0,2196
10,2,16,17,234.0,2195
10,2,16,18,340.0,2194
10,2,16,19,473.0,2193
10,2,16,20,561.0,2191
10,2,16,21,948.0,2183
10,2,16,22,975.0,2163
10,2,16,23,1053.0,2161
10,2,16,24,1087.0,2135
10,2,16,25,1298.0,2125
10,2,16,26,1600.5,2124
10,2,16,27,1732.0,2124
10,2,16,28,1854.0,2124
10,2,16,29,1937.0,2123
10,2,16,30,2039.0,2123
10,2,16,31,2137.0,2123
10,2,16,32,2287.0,2123
10,2,16,33,2488.0,2123
10,2,16,34,2582.0,2123
10,2,16,35,2683.5,2118
10,2,16,36,2787.5,2004
10,2,16,37,2871.0,1987
10,2,16,38,2952.0,1977
10,2,16,39,3025.5,1954
10,2,16,40,3101.5,1772
10,2,16,41,2989.5,122
10,2,16,42,2952.0,37
10,2,16,43,3036.0,31
10,2,16,44,3206.0,25
10,2,16,45,3310.0,21
10,2,16,46,3388.5,18
10,2,16,47,3493.0,11
10,2,16,48,3597.0,9
10,2,16,49,3737.0,3
10,2,16,50,4098.5,2
10,2,16,51,3788.0,1
10,2,17,17,96.0,2197
10,2,17,18,200.0,2196
10,2,17,19,334.0,2195
10,2,17,20,421.0,2193
10,2,17,21,805.0,2185
10,2,17,22,834.0,2165
10,2,17,23,910.0,2163
10,2,17,24,948.0,2137
10,2,17,25,1153.0,2127
10,2,17,26,1452.0,2126
10,2,17,27,1587.0,2126
10,2,17,28,1707.5,2126
10,2,17,29,1789.0,2125
10,2,17,30,1889.0,2125
10,2,17,31,1992.0,2125
10,2,17,32,2136.0,2125
10,2,17,33,2339.0,2125
10,2,17,34,2434.0,2125
10,2,17,35,2538.5,2120
10,2,17,36,2649.0,2006
10,2,17,37,2735.0,1989
10,2,17,38,2816.0,1979
10,2,17,39,2886.0,1956
10,2,17,40,2964.5,1774
10,2,17,41,2853.5,124
10,2,17,42,2792.0,39
10,2,17,43,2942.0,33
10,2,17,44,3060.0,27
10,2,17,45,3153.0,23
10,2,17,46,3244.0,20
10,2,17,47,3350.0,13
10,2,17,48,3396.0,11
10,2,17,49,3584.0,5
10,2,17,50,4322.5,4
10,2,17,51,4399.0,2
10,2,18,18,75.0,2197
10,2,18,19,209.0,2196
10,2,18,20,297.0,2194
10,2,18,21,679.0,2186
10,2,18,22,710.0,2166
10,2,18,23,788.0,2164
10,2,18,24,823.0,2138
10,2,18,25,1031.0,2128
10,2,18,26,1329.0,2127
10,2,18,27,1462.0,2127
10,2,18,28,1582.0,2127
10,2,18,29,1661.0,2126
10,2,18,30,1760.0,2126
10,2,18,31,1864.0,2126
10,2,18,32,2013.0,2126
10,2,18,33,2216.0,2126
10,2,18,34,2312.0,2126
10,2,18,35,2410.0,2121
10,2,18,36,2520.0,2007
10,2,18,37,2607.5,1990
10,2,18,38,2688.5,1980
10,2,18,39,2760.0,1957
10,2,18,40,2834.0,1775
10,2,18,41,2734.0,124
10,2,18,42,2726.0,39
10,2,18,43,2821.0,33
10,2,18,44,2923.0,27
10,2,18,45,3082.0,23
10,2,18,46,3187.5,20
10,2,18,47,3304.0,13
10,2,18,48,3350.0,11
10,2,18,49,3529.0,5
10,2,18,50,3613.5,4
10,2,18,51,3730.5,2
10,2,19,19,107.0,2198
10,2,19,20,192.0,2196
10,2,19,21,572.0,2188
10,2,19,22,602.0,2168
10,2,19,23,680.0,2166
10,2,19,24,715.5,2140
10,2,19,25,926.0,2130
10,2,19,26,1223.0,2129
10,2,19,27,1357.0,2129
10,2,19,28,1474.0,2129
10,2,19,29,1557.0,2128
10,2,19,30,1658.0,2128
10,2,19,31,1757.0,2128
10,2,19,32,1906.5,2128
10,2,19,33,2111.0,2128
10,2,19,34,2202.0,2128
10,2,19,35,2305.0,2123
10,2,19,36,2417.0,2009
10,2,19,37,2505.0,1992
10,2,19,38,2582.0,1982
10,2,19,39,2653.0,1959
10,2,19,40,2726.0,1777
10,2,19,41,2646.5,124
10,2,19,42,2603.0,39
10,2,19,43,2719.0,33
10,2,19,44,2847.0,27
10,2,19,45,2960.0,23
10,2,19,46,3064.5,20
10,2,19,47,3138.0,13
10,2,19,48,3243.0,11
10,2,19,49,3480.0,5
10,2,19,50,3541.5,4
10,2,19,51,3684.0,2
10,2,20,20,52.0,2196
10,2,20,21,440.0,2188
10,2,20,22,467.0,2168
10,2,20,23,543.0,2166
10,2,20,24,579.0,2140
10,2,20,25,786.5,2130
10,2,20,26,1091.0,2129
10,2,20,27,1222.0,2129
10,2,20,28,1344.0,2129
10,2,20,29,1428.0,2128
10,2,20,30,1529.0,2128
10,2,20,31,1627.0,2128
10,2,20,32,1773.5,2128
10,2,20,33,1978.0,2128
10,2,20,34,2068.5,2128
10,2,20,35,2171.0,2123
10,2,20,36,2278.0,2009
10,2,20,37,2365.0,1992
10,2,20,38,2439.0,1982
10,2,20,39,2515.0,1959
10,2,20,40,2591.0,1777
10,2,20,41,2531.5,124
10,2,20,42,2529.0,39
10,2,20,43,2656.0,33
10,2,20,44,2728.0,27
10,2,20,45,2832.0,23
10,2,20,46,2944.0,20
10,2,20,47,3018.0,13
10,2,20,48,3124.0,11
10,2,20,49,3394.0,5
10,2,20,50,3480.0,4
10,2,20,51,3624.0,2
10,2,21,21,344.0,2191
10,2,21,22,375.0,2170
10,2,21,23,453.0,2168
10,2,21,24,485.0,2142
10,2,21,25,689.0,2132
10,2,21,26,989.0,2131
10,2,21,27,1118.0,2131
10,2,21,28,1244.0,2131
10,2,21,29,1326.0,2130
10,2,21,30,1425.0,2130
10,2,21,31,1523.0,2130
10,2,21,32,1671.5,2130
10,2,21,33,1874.0,2130
10,2,21,34,1967.0,2130
10,2,21,35,2067.0,2125
10,2,21,36,2180.0,2011
10,2,21,37,2265.0,1993
10,2,21,38,2342.0,1983
10,2,21,39,2416.0,1960
10,2,21,40,2498.0,1778
10,2,21,41,2437.5,124
10,2,21,42,2444.0,39
10,2,21,43,2556.0,33
10,2,21,44,2660.0,27
10,2,21,45,2778.0,23
10,2,21,46,2854.0,20
10,2,21,47,2930.0,13
10,2,21,48,3025.0,11
10,2,21,49,3198.0,5
10,2,21,50,3323.5,4
10,2,21,51,3471.0,2
10,2,22,22,8.0,2178
10,2,22,23,82.0,2176
10,2,22,24,107.0,2150
10,2,22,25,317.0,2140
10,2,22,26,624.0,2139
10,2,22,27,751.0,2139
10,2,22,28,875.0,2139
10,2,22,29,960.0,2138
10,2,22,30,1059.5,2138
10,2,22,31,1162.0,2138
10,2,22,32,1303.0,2138
10,2,22,33,1507.0,2138
10,2,22,34,1601.0,2138
10,2,22,35,1701.0,2133
10,2,22,36,1812.0,2019
10,2,22,37,1894.0,2000
10,2,22,38,1975.0,1988
10,2,22,39,2049.0,1965
10,2,22,40,2128.0,1781
10,2,22,41,2166.0,124
10,2,22,42,2344.0,39
10,2,22,43,2471.0,33
10,2,22,44,2584.0,27
10,2,22,45,2649.0,23
10,2,22,46,2753.0,20
10,2,22,47,2869.0,13
10,2,22,48,2915.0,11
10,2,22,49,3136.0,5
10,2,22,50,3275.5,4
10,2,22,51,3425.5,2
10,2,23,23,45.0,2197
10,2,23,24,71.0,2170
10,2,23,25,275.0,2160
10,2,23,26,585.0,2159
10,2,23,27,713.0,2159
10,2,23,28,833.0,2159
10,2,23,29,917.0,2158
10,2,23,30,1016.5,2158
10,2,23,31,1116.5,2158
10,2,23,32,1262.0,2158
10,2,23,33,1468.0,2158
10,2,23,34,1560.0,2158
10,2,23,35,1663.0,2153
10,2,23,36,1774.0,2039
10,2,23,37,1858.0,2019
10,2,23,38,1936.0,2007
10,2,23,39,2012.5,1984
10,2,23,40,2089.0,1799
10,2,23,41,2091.5,124
10,2,23,42,2253.0,39
10,2,23,43,2371.0,33
10,2,23,44,2454.0,27
10,2,23,45,2555.0,23
10,2,23,46,2657.0,20
10,2,23,47,2758.0,13
10,2,23,48,2847.0,11
10,2,23,49,2971.0,5
10,2,23,50,3082.5,4
10,2,23,51,3266.5,2
10,2,24,24,15.0,2172
10,2,24,25,217.0,2162
10,2,24,26,534.0,2161
10,2,24,27,662.0,2161
10,2,24,28,779.0,2161
10,2,24,29,860.0,2160
10,2,24,30,962.0,2160
10,2,24,31,1060.0,2160
10,2,24,32,1206.5,2160
10,2,24,33,1415.0,2160
10,2,24,34,1507.0,2160
10,2,24,35,1608.0,2155
10,2,24,36,1716.0,2041
10,2,24,37,1802.0,2021
10,2,24,38,1881.0,2009
10,2,24,39,1955.0,1986
10,2,24,40,2037.5,1800
10,2,24,41,2043.0,125
10,2,24,42,2149.0,39
10,2,24,43,2244.0,33
10,2,24,44,2333.0,27
10,2,24,45,2447.0,23
10,2,24,46,2540.0,20
10,2,24,47,2633.0,13
10,2,24,48,2707.0,11
10,2,24,49,2911.0,5
10,2,24,50,3000.5,4
10,2,24,51,3182.5,2
10,2,25,25,168.0,2189
10,2,25,26,468.0,2188
10,2,25,27,600.0,2188
10,2,25,28,719.5,2188
10,2,25,29,802.0,2187
10,2,25,30,901.0,2187
10,2,25,31,1000.0,2187
10,2,25,32,1145.0,2187
10,2,25,33,1350.0,2187
10,2,25,34,1445.0,2187
10,2,25,35,1547.0,2182
10,2,25,36,1658.0,2068
10,2,25,37,1746.0,2047
10,2,25,38,1823.0,2035
10,2,25,39,1896.0,2012
10,2,25,40,1990.0,1826
10,2,25,41,1980.0,139
10,2,25,42,2032.0,39
10,2,25,43,2159.0,33
10,2,25,44,2219.0,27
10,2,25,45,2345.0,23
10,2,25,46,2412.0,20
10,2,25,47,2526.0,13
10,2,25,48,2589.0,11
10,2,25,49,2850.0,5
10,2,25,50,2920.5,4
10,2,25,51,3093.5,2
10,2,26,26,262.0,2198
10,2,26,27,397.0,2198
10,2,26,28,519.0,2198
10,2,26,29,597.0,2197
10,2,26,30,697.0,2197
10,2,26,31,794.0,2197
10,2,26,32,938.0,2197
10,2,26,33,1144.0,2197
10,2,26,34,1242.0,2197
10,2,26,35,1341.0,2192
10,2,26,36,1449.0,2078
10,2,26,37,1531.0,2057
10,2,26,38,1610.0,2045
10,2,26,39,1682.0,2022
10,2,26,40,1787.0,1836
10,2,26,41,1918.0,149
10,2,26,42,1890.0,40
10,2,26,43,2023.0,33
10,2,26,44,2116.0,27
10,2,26,45,2220.0,23
10,2,26,46,2323.0,20
10,2,26,47,2404.0,13
10,2,26,48,2501.0,11
10,2,26,49,2683.0,5
10,2,26,50,2775.5,4
10,2,26,51,2938.5,2
10,2,27,27,102.0,2199
10,2,27,28,218.0,2199
10,2,27,29,298.0,2198
10,2,27,30,400.0,2198
10,2,27,31,499.0,2198
10,2,27,32,647.0,2198
10,2,27,33,847.0,2198
10,2,27,34,941.0,2198
10,2,27,35,1043.0,2193
10,2,27,36,1145.0,2079
10,2,27,37,1227.0,2058
10,2,27,38,1304.0,2046
10,2,27,39,1378.0,2023
10,2,27,40,1469.0,1837
10,2,27,41,1741.0,149
10,2,27,42,1847.5,40
10,2,27,43,1935.0,33
10,2,27,44,2044.0,27
10,2,27,45,2137.0,23
10,2,27,46,2218.5,20
10,2,27,47,2323.0,13
10,2,27,48,2402.0,11
10,2,27,49,2648.0,5
10,2,27,50,2703.0,4
10,2,27,51,2851.0,2
10,2,28,28,88.0,2199
10,2,28,29,168.0,2198
10,2,28,30,270.0,2198
10,2,28,31,369.0,2198
10,2,28,32,513.0,2198
10,2,28,33,713.0,2198
10,2,28,34,809.0,2198
10,2,28,35,910.0,2193
10,2,28,36,1014.0,2079
10,2,28,37,1094.0,2058
10,2,28,38,1171.5,2046
10,2,28,39,1245.0,2023
10,2,28,40,1335.0,1837
10,2,28,41,1466.0,149
10,2,28,42,1718.5,40
10,2,28,43,1810.0,33
10,2,28,44,1939.0,27
10,2,28,45,2054.0,23
10,2,28,46,2135.5,20
10,2,28,47,2226.0,13
10,2,28,48,2288.0,11
10,2,28,49,2507.0,5
10,2,28,50,2570.5,4
10,2,28,51,2730.5,2
10,2,29,29,53.0,2198
10,2,29,30,151.0,2198
10,2,29,31,247.0,2198
10,2,29,32,389.0,2198
10,2,29,33,597.0,2198
10,2,29,34,689.5,2198
10,2,29,35,790.0,2193
10,2,29,36,894.0,2079
10,2,29,37,975.5,2058
10,2,29,38,1054.0,2046
10,2,29,39,1124.0,2023
10,2,29,40,1209.0,1837
10,2,29,41,1320.0,149
10,2,29,42,1598.5,40
10,2,29,43,1689.0,33
10,2,29,44,1818.0,27
10,2,29,45,1920.0,23
10,2,29,46,2007.5,20
10,2,29,47,2121.0,13
10,2,29,48,2176.0,11
10,2,29,49,2404.0,5
10,2,29,50,2498.5,4
10,2,29,51,2637.0,2
10,2,30,30,73.0,2199
10,2,30,31,168.0,2199
10,2,30,32,310.0,2199
10,2,30,33,518.0,2199
10,2,30,34,610.0,2199
10,2,30,35,709.0,2194
10,2,30,36,813.0,2080
10,2,30,37,893.0,2059
10,2,30,38,971.0,2047
10,2,30,39,1044.0,2024
10,2,30,40,1133.0,1838
10,2,30,41,1203.0,149
10,2,30,42,1479.5,40
10,2,30,43,1598.0,33
10,2,30,44,1721.0,27
10,2,30,45,1798.0,23
10,2,30,46,1898.0,20
10,2,30,47,1997.0,13
10,2,30,48,2044.0,11
10,2,30,49,2324.0,5
10,2,30,50,2380.5,4
10,2,30,51,2537.0,2
10,2,31,31,58.0,2199
10,2,31,32,200.0,2199
10,2,31,33,408.0,2199
10,2,31,34,499.0,2199
10,2,31,35,599.5,2194
10,2,31,36,701.5,2080
10,2,31,37,781.0,2059
10,2,31,38,860.0,2047
10,2,31,39,933.0,2024
10,2,31,40,1020.0,1838
10,2,31,41,1132.0,149
10,2,31,42,1328.0,40
10,2,31,43,1496.0,33
10,2,31,44,1617.0,27
10,2,31,45,1685.0,23
10,2,31,46,1812.5,20
10,2,31,47,1903.0,13
10,2,31,48,1969.0,11
10,2,31,49,2193.0,5
10,2,31,50,2260.0,4
10,2,31,51,2400.5,2
10,2,32,32,110.0,2199
10,2,32,33,311.0,2199
10,2,32,34,404.0,2199
10,2,32,35,502.0,2194
10,2,32,36,605.0,2080
10,2,32,37,683.0,2059
10,2,32,38,762.0,2047
10,2,32,39,832.0,2024
10,2,32,40,924.0,1838
10,2,32,41,1011.0,149
10,2,32,42,1263.5,40
10,2,32,43,1380.0,33
10,2,32,44,1484.0,27
10,2,32,45,1565.0,23
10,2,32,46,1654.0,20
10,2,32,47,1802.0,13
10,2,32,48,1864.0,11
10,2,32,49,2131.0,5
10,2,32,50,2185.5,4
10,2,32,51,2308.5,2
10,2,33,33,170.0,2199
10,2,33,34,259.0,2199
10,2,33,35,359.0,2194
10,2,33,36,462.5,2080
10,2,33,37,540.0,2059
10,2,33,38,619.0,2047
10,2,33,39,691.0,2024
10,2,33,40,785.0,1838
10,2,33,41,912.0,149
10,2,33,42,1065.5,40
10,2,33,43,1200.0,33
10,2,33,44,1385.0,27
10,2,33,45,1502.0,23
10,2,33,46,1579.0,20
10,2,33,47,1731.0,13
10,2,33,48,1793.0,11
10,2,33,49,1908.0,5
10,2,33,50,2005.5,4
10,2,33,51,2119.5,2
10,2,34,34,56.0,2199
10,2,34,35,158.0,2194
10,2,34,36,257.0,2080
10,2,34,37,335.0,2059
10,2,34,38,414.0,2047
10,2,34,39,486.0,2024
10,2,34,40,574.0,1838
10,2,34,41,786.0,149
10,2,34,42,979.5,40
10,2,34,43,1071.0,33
10,2,34,44,1271.0,27
10,2,34,45,1442.0,23
10,2,34,46,1505.5,20
10,2,34,47,1632.0,13
10,2,34,48,1736.0,11
10,2,34,49,1879.0,5
10,2,34,50,1953.5,4
10,2,34,51,2070.5,2
10,2,35,35,71.0,2194
10,2,35,36,169.0,2080
10,2,35,37,247.0,2059
10,2,35,38,325.0,2047
10,2,35,39,399.0,2024
10,2,35,40,486.0,1838
10,2,35,41,593.0,149
10,2,35,42,844.0,40
10,2,35,43,931.0,33
10,2,35,44,1036.0,27
10,2,35,45,1200.0,23
10,2,35,46,1388.0,20
10,2,35,47,1514.0,13
10,2,35,48,1589.0,11
10,2,35,49,1694.0,5
10,2,35,50,1769.5,4
10,2,35,51,1925.5,2
10,2,36,36,69.0,2085
10,2,36,37,146.0,2059
10,2,36,38,224.0,2047
10,2,36,39,297.0,2024
10,2,36,40,383.0,1838
10,2,36,41,506.0,149
10,2,36,42,722.0,40
10,2,36,43,816.0,33
10,2,36,44,914.0,27
10,2,36,45,1003.0,23
10,2,36,46,1101.0,20
10,2,36,47,1397.0,13
10,2,36,48,1471.0,11
10,2,36,49,1656.0,5
10,2,36,50,1716.5,4
10,2,36,51,1868.5,2
10,2,37,37,50.0,2060
10,2,37,38,129.0,2047
10,2,37,39,200.0,2024
10,2,37,40,284.0,1838
10,2,37,41,396.0,149
10,2,37,42,588.0,40
10,2,37,43,705.0,33
10,2,37,44,803.0,27
10,2,37,45,871.0,23
10,2,37,46,973.5,20
10,2,37,47,1170.0,13
10,2,37,48,1359.0,11
10,2,37,49,1573.0,5
10,2,37,50,1639.0,4
10,2,37,51,1730.0,2
10,2,38,38,53.0,2049
10,2,38,39,125.0,2025
10,2,38,40,208.0,1839
10,2,38,41,310.0,149
10,2,38,42,484.5,40
10,2,38,43,603.0,33
10,2,38,44,711.0,27
10,2,38,45,791.0,23
10,2,38,46,889.0,20
10,2,38,47,998.0,13
10,2,38,48,1084.0,11
10,2,38,49,1314.0,5
10,2,38,50,1502.5,4
10,2,38,51,1562.0,2
10,2,39,39,51.0,2034
10,2,39,40,136.0,1839
10,2,39,41,220.0,149
10,2,39,42,360.5,40
10,2,39,43,505.0,33
10,2,39,44,610.0,27
10,2,39,45,688.0,23
10,2,39,46,784.5,20
10,2,39,47,881.0,13
10,2,39,48,958.0,11
10,2,39,49,1136.0,5
10,2,39,50,1357.0,4
10,2,39,51,1445.0,2
10,2,40,40,59.0,1839
10,2,40,41,140.0,149
10,2,40,42,247.0,40
10,2,40,43,345.0,33
10,2,40,44,438.0,27
10,2,40,45,573.0,23
10,2,40,46,664.0,20
10,2,40,47,769.0,13
10,2,40,48,859.0,11
10,2,40,49,959.0,5
10,2,40,50,1025.5,4
10,2,40,51,1141.0,2
10,2,41,41,62.0,149
10,2,41,42,158.5,40
10,2,41,43,255.0,33
10,2,41,44,350.0,27
10,2,41,45,437.0,23
10,2,41,46,541.5,20
10,2,41,47,678.0,13
10,2,41,48,772.0,11
10,2,41,49,902.0,5
10,2,41,50,953.0,4
10,2,41,51,1089.0,2
10,2,42,42,57.5,40
10,2,42,43,154.0,33
10,2,42,44,245.0,27
10,2,42,45,343.0,23
10,2,42,46,421.0,20
10,2,42,47,513.0,13
10,2,42,48,599.0,11
10,2,42,49,761.0,5
10,2,42,50,852.5,4
10,2,42,51,967.0,2
10,2,43,43,64.0,33
10,2,43,44,158.0,27
10,2,43,45,241.0,23
10,2,43,46,329.5,20
10,2,43,47,419.0,13
10,2,43,48,503.0,11
10,2,43,49,656.0,5
10,2,43,50,756.0,4
10,2,43,51,885.5,2
10,2,44,44,60.0,27
10,2,44,45,134.0,23
10,2,44,46,217.5,20
10,2,44,47,302.0,13
10,2,44,48,390.0,11
10,2,44,49,488.0,5
10,2,44,50,597.0,4
10,2,44,51,757.0,2
10,2,45,45,50.0,23
10,2,45,46,142.5,20
10,2,45,47,217.0,13
10,2,45,48,300.0,11
10,2,45,49,397.0,5
10,2,45,50,443.5,4
10,2,45,51,538.0,2
10,2,46,46,66.0,20
10,2,46,47,122.0,13
10,2,46,48,200.0,11
10,2,46,49,302.0,5
10,2,46,50,362.0,4
10,2,46,51,480.0,2
10,2,47,47,48.0,13
10,2,47,48,134.0,11
10,2,47,49,217.0,5
10,2,47,50,280.0,4
10,2,47,51,380.5,2
10,2,48,48,59.0,11
10,2,48,49,155.0,5
10,2,48,50,193.0,4
10,2,48,51,296.5,2
10,2,49,49,68.0,5
10,2,49,50,122.0,4
10,2,49,51,211.0,2
10,2,50,50,49.5,4
10,2,50,51,127.0,2
10,2,51,51,59.0,2
12,1,2,2,124.0,1904
12,1,2,3,217.0,1902
12,1,2,4,299.0,1899
12,1,2,5,443.0,1899
12,1,2,6,539.0,1890
12,1,2,7,655.0,1889
12,1,2,8,812.0,1887
12,1,2,9,896.0,1885
12,1,2,10,1002.0,1878
12,1,2,11,1150.0,1877
12,1,2,12,1320.0,1877
12,1,2,13,1411.0,1877
12,1,2,14,1557.0,1876
12,1,2,15,1776.0,1875
12,1,2,16,1887.0,1873
12,1,2,17,2019.0,1867
12,1,2,18,2082.0,1856
12,1,2,19,2156.5,1848
12,1,2,20,2381.5,1810
12,1,2,21,2525.5,1798
12,1,2,22,2636.0,1794
12,1,2,23,2722.0,1792
12,1,2,24,2836.0,1789
12,1,2,25,2963.0,1783
12,1,2,26,3055.0,1757
12,1,2,27,3135.5,1712
12,1,2,28,3223.0,1695
12,1,2,29,3296.0,1683
12,1,2,30,3372.0,1681
12,1,2,31,3433.0,1679
12,1,2,32,3505.0,1678
12,1,2,33,3594.0,1677
12,1,2,34,3786.0,1671
12,1,2,35,3884.0,1670
12,1,2,36,3968.0,1649
12,1,2,37,4033.0,1605
12,1,2,38,4100.0,1415
12,1,2,39,4084.0,703
12,1,2,40,4132.5,56
12,1,2,41,4606.5,16
12,1,2,42,4886.0,8
12,1,2,43,4863.0,7
12,1,2,44,5003.0,6
12,1,2,45,5081.5,6
12,1,2,46,5148.0,6
12,1,2,47,5296.0,5
12,1,2,48,5490.0,5
12,1,2,49,5575.0,5
12,1,2,50,5842.0,4
12,1,2,51,6326.0,2
12,1,2,52,6423.0,2
12,1,2,53,5574.0,1
12,1,2,54,5632.0,1
12,1,2,55,5684.0,1
12,1,3,3,59.0,1921
12,1,3,4,139.0,1918
12,1,3,5,287.0,1918
12,1,3,6,380.0,1909
12,1,3,7,498.0,1908
12,1,3,8,653.0,1906
12,1,3,9,738.0,1904
12,1,3,10,843.0,1897
12,1,3,11,992.0,1896
12,1,3,12,1161.0,1896
12,1,3,13,1250.0,1896
12,1,3,14,1400.0,1895
12,1,3,15,1615.0,1894
12,1,3,16,1725.0,1892
12,1,3,17,1860.0,1886
12,1,3,18,1924.0,1875
12,1,3,19,1996.0,1865
12,1,3,20,2217.0,1827
12,1,3,21,2363.0,1815
12,1,3,22,2472.0,1811
12,1,3,23,2558.0,1809
12,1,3,24,2673.5,1806
12,1,3,25,2801.5,1800
12,1,3,26,2889.0,1774
12,1,3,27,2975.0,1729
12,1,3,28,3065.0,1712
12,1,3,29,3137.0,1699
12,1,3,30,3207.0,1697
12,1,3,31,3270.0,1695
12,1,3,32,3350.0,1694
12,1,3,33,3427.0,1693
12,1,3,34,3614.0,1687
12,1,3,35,3710.0,1686
12,1,3,36,3801.0,1665
12,1,3,37,3864.0,1621
12,1,3,38,3925.0,1427
12,1,3,39,3925.0,709
12,1,3,40,4034.5,58
12,1,3,41,4487.0,17
12,1,3,42,4692.0,9
12,1,3,43,4739.0,7
12,1,3,44,4830.5,6
12,1,3,45,4909.0,6
12,1,3,46,4975.5,6
12,1,3,47,5075.0,5
12,1,3,48,5214.0,5
12,1,3,49,5299.0,5
12,1,3,50,5593.5,4
12,1,3,51,5994.5,2
12,1,3,52,6091.5,2
12,1,3,53,5450.0,1
12,1,3,54,5508.0,1
12,1,3,55,5560.0,1
12,1,4,4,50.0,1924
12,1,4,5,199.0,1924
12,1,4,6,292.0,1915
12,1,4,7,408.0,1914
12,1,4,8,563.0,1912
12,1,4,9,649.0,1910
12,1,4,10,754.0,1903
12,1,4,11,903.0,1902
12,1,4,12,1073.0,1902
12,1,4,13,1162.0,1902
12,1,4,14,1312.0,1901
12,1,4,15,1526.5,1900
12,1,4,16,1635.0,1898
12,1,4,17,1771.0,1892
12,1,4,18,1836.0,1881
12,1,4,19,1904.0,1871
12,1,4,20,2128.0,1833
12,1,4,21,2272.0,1820
12,1,4,22,2380.0,1816
12,1,4,23,2470.5,1814
12,1,4,24,2581.0,1811
12,1,4,25,2709.0,1805
12,1,4,26,2796.0,1778
12,1,4,27,2881.0,1732
12,1,4,28,2969.0,1715
12,1,4,29,3044.0,1702
12,1,4,30,3118.0,1700
12,1,4,31,3184.0,1698
12,1,4,32,3258.0,1697
12,1,4,33,3335.5,1696
12,1,4,34,3523.5,1690
12,1,4,35,3619.0,1689
12,1,4,36,3702.5,1668
12,1,4,37,3768.0,1624
12,1,4,38,3832.5,1430
12,1,4,39,3835.5,710
12,1,4,40,3924.5,58
12,1,4,41,4405.0,17
12,1,4,42,4605.0,9
12,1,4,43,4652.0,7
12,1,4,44,4756.5,6
12,1,4,45,4835.0,6
12,1,4,46,4901.5,6
12,1,4,47,5014.0,5
12,1,4,48,5175.0,5
12,1,4,49,5260.0,5
12,1,4,50,5543.5,4
12,1,4,51,5808.5,2
12,1,4,52,5905.5,2
12,1,4,53,5363.0,1
12,1,4,54,5421.0,1
12,1,4,55,5473.0,1
12,1,5,5,111.0,1927
12,1,5,6,205.0,1918
12,1,5,7,322.0,1917
12,1,5,8,475.0,1914
12,1,5,9,564.0,1912
12,1,5,10,666.0,1905
12,1,5,11,817.0,1904
12,1,5,12,985.0,1904
12,1,5,13,1073.0,1904
12,1,5,14,1225.0,1903
12,1,5,15,1440.5,1902
12,1,5,16,1550.0,1900
12,1,5,17,1680.5,1894
12,1,5,18,1745.0,1883
12,1,5,19,1816.0,1873
12,1,5,20,2041.0,1835
12,1,5,21,2188.0,1822
12,1,5,22,2290.0,1818
12,1,5,23,2382.0,1816
12,1,5,24,2492.0,1813
12,1,5,25,2623.0,1807
12,1,5,26,2708.0,1780
12,1,5,27,2793.0,1733
12,1,5,28,2880.0,1716
12,1,5,29,2958.0,1703
12,1,5,30,3026.0,1701
12,1,5,31,3091.0,1699
12,1,5,32,3166.0,1698
12,1,5,33,3250.0,1697
12,1,5,34,3435.0,1691
12,1,5,35,3531.0,1690
12,1,5,36,3615.0,1669
12,1,5,37,3683.0,1625
12,1,5,38,3746.0,1431
12,1,5,39,3758.0,711
12,1,5,40,3853.5,58
12,1,5,41,4379.0,17
12,1,5,42,4497.0,9
12,1,5,43,4544.0,7
12,1,5,44,4681.0,6
12,1,5,45,4759.5,6
12,1,5,46,4827.5,6
12,1,5,47,4971.0,5
12,1,5,48,5130.0,5
12,1,5,49,5215.0,5
12,1,5,50,5499.5,4
12,1,5,51,5688.5,2
12,1,5,52,5785.5,2
12,1,5,53,5255.0,1
12,1,5,54,5313.0,1
12,1,5,55,5365.0,1
12,1,6,6,58.0,1918
12,1,6,7,177.0,1917
12,1,6,8,332.0,1914
12,1,6,9,417.5,1912
12,1,6,10,524.0,1905
12,1,6,11,674.5,1904
12,1,6,12,840.5,1904
12,1,6,13,930.0,1904
12,1,6,14,1081.0,1903
12,1,6,15,1296.5,1902
12,1,6,16,1404.0,1900
12,1,6,17,1539.0,1894
12,1,6,18,1600.0,1883
12,1,6,19,1673.0,1873
12,1,6,20,1895.0,1835
12,1,6,21,2044.0,1822
12,1,6,22,2149.0,1818
12,1,6,23,2241.0,1816
12,1,6,24,2353.0,1813
12,1,6,25,2479.0,1807
12,1,6,26,2564.0,1780
12,1,6,27,2650.0,1733
12,1,6,28,2735.0,1716
12,1,6,29,2815.0,1703
12,1,6,30,2884.0,1701
12,1,6,31,2948.0,1699
12,1,6,32,3024.0,1698
12,1,6,33,3105.0,1697
12,1,6,34,3289.0,1691
12,1,6,35,3387.5,1690
12,1,6,36,3471.0,1669
12,1,6,37,3540.0,1625
12,1,6,38,3603.0,1431
12,1,6,39,3604.0,711
12,1,6,40,3705.5,58
12,1,6,41,4087.0,17
12,1,6,42,4388.0,9
12,1,6,43,4455.0,7
12,1,6,44,4568.0,6
12,1,6,45,4650.0,6
12,1,6,46,4728.0,6
12,1,6,47,4836.0,5
12,1,6,48,5014.0,5
12,1,6,49,5099.0,5
12,1,6,50,5374.0,4
12,1,6,51,5528.5,2
12,1,6,52,5625.5,2
12,1,6,53,5109.0,1
12,1,6,54,5167.0,1
12,1,6,55,5219.0,1
12,1,7,7,106.0,1927
12,1,7,8,250.0,1924
12,1,7,9,334.0,1921
12,1,7,10,441.0,1914
12,1,7,11,589.0,1913
12,1,7,12,756.0,1913
12,1,7,13,848.0,1913
12,1,7,14,995.0,1912
12,1,7,15,1210.0,1911
12,1,7,16,1319.0,1909
12,1,7,17,1446.0,1903
12,1,7,18,1514.0,1892
12,1,7,19,1586.0,1882
12,1,7,20,1805.0,1844
12,1,7,21,1952.0,1831
12,1,7,22,2054.0,1827
12,1,7,23,2146.0,1825
12,1,7,24,2260.0,1822
12,1,7,25,2390.0,1816
12,1,7,26,2479.0,1789
12,1,7,27,2563.0,1741
12,1,7,28,2649.0,1722
12,1,7,29,2728.0,1709
12,1,7,30,2799.0,1707
12,1,7,31,2863.0,1705
12,1,7,32,2935.5,1704
12,1,7,33,3021.0,1703
12,1,7,34,3203.0,1697
12,1,7,35,3302.0,1696
12,1,7,36,3383.0,1675
12,1,7,37,3449.0,1631
12,1,7,38,3517.5,1436
12,1,7,39,3531.0,713
12,1,7,40,3644.0,59
12,1,7,41,4087.0,18
12,1,7,42,4357.0,9
12,1,7,43,4417.0,7
12,1,7,44,4515.5,6
12,1,7,45,4597.5,6
12,1,7,46,4675.5,6
12,1,7,47,4769.0,5
12,1,7,48,4956.0,5
12,1,7,49,5041.0,5
12,1,7,50,5311.5,4
12,1,7,51,5465.0,2
12,1,7,52,5562.0,2
12,1,7,53,5061.0,1
12,1,7,54,5119.0,1
12,1,7,55,5171.0,1
12,1,8,8,111.0,1925
12,1,8,9,195.0,1922
12,1,8,10,304.0,1915
12,1,8,11,451.0,1914
12,1,8,12,618.0,1914
12,1,8,13,707.0,1913
12,1,8,14,854.0,1912
12,1,8,15,1067.0,1911
12,1,8,16,1177.0,1909
12,1,8,17,1313.0,1903
12,1,8,18,1374.0,1892
12,1,8,19,1444.0,1882
12,1,8,20,1655.0,1844
12,1,8,21,1811.0,1831
12,1,8,22,1914.0,1827
12,1,8,23,2005.0,1825
12,1,8,24,2118.5,1822
12,1,8,25,2243.5,1816
12,1,8,26,2334.0,1789
12,1,8,27,2417.0,1741
12,1,8,28,2501.0,1722
12,1,8,29,2583.0,1709
12,1,8,30,2654.0,1707
12,1,8,31,2716.0,1705
12,1,8,32,2792.5,1704
12,1,8,33,2872.0,1703
12,1,8,34,3059.0,1697
12,1,8,35,3158.0,1696
12,1,8,36,3241.0,1675
12,1,8,37,3307.0,1631
12,1,8,38,3379.0,1436
12,1,8,39,3392.0,713
12,1,8,40,3511.0,59
12,1,8,41,3960.0,18
12,1,8,42,4293.0,9
12,1,8,43,4353.0,7
12,1,8,44,4428.5,6
12,1,8,45,4510.5,6
12,1,8,46,4588.5,6
12,1,8,47,4669.0,5
12,1,8,48,4794.0,5
12,1,8,49,4879.0,5
12,1,8,50,5180.5,4
12,1,8,51,5379.5,2
12,1,8,52,5476.5,2
12,1,8,53,4973.0,1
12,1,8,54,5031.0,1
12,1,8,55,5083.0,1
12,1,9,9,44.0,1924
12,1,9,10,160.0,1917
12,1,9,11,305.0,1916
12,1,9,12,471.0,1916
12,1,9,13,562.0,1915
12,1,9,14,704.0,1914
12,1,9,15,920.0,1913
12,1,9,16,1026.0,1911
12,1,9,17,1163.0,1905
12,1,9,18,1223.0,1894
12,1,9,19,1295.0,1884
12,1,9,20,1512.5,1846
12,1,9,21,1660.0,1833
12,1,9,22,1766.0,1829
12,1,9,23,1858.0,1827
12,1,9,24,1970.0,1824
12,1,9,25,2104.0,1818
12,1,9,26,2194.0,1791
12,1,9,27,2274.0,1743
12,1,9,28,2357.5,1724
12,1,9,29,2430.0,1711
12,1,9,30,2505.0,1709
12,1,9,31,2567.0,1707
12,1,9,32,2646.0,1706
12,1,9,33,2728.0,1705
12,1,9,34,2915.0,1699
12,1,9,35,3014.5,1698
12,1,9,36,3099.0,1677
12,1,9,37,3161.0,1633
12,1,9,38,3227.5,1438
12,1,9,39,3233.5,714
12,1,9,40,3346.0,59
12,1,9,41,3835.5,18
12,1,9,42,4198.0,9
12,1,9,43,4273.0,7
12,1,9,44,4346.0,6
12,1,9,45,4428.0,6
12,1,9,46,4506.0,6
12,1,9,47,4559.0,5
12,1,9,48,4695.0,5
12,1,9,49,4780.0,5
12,1,9,50,5076.0,4
12,1,9,51,5212.5,2
12,1,9,52,5309.5,2
12,1,9,53,4795.0,1
12,1,9,54,4853.0,1
12,1,9,55,4905.0,1
12,1,10,10,80.0,1921
12,1,10,11,223.0,1920
12,1,10,12,390.0,1920
12,1,10,13,479.0,1919
12,1,10,14,622.0,1918
12,1,10,15,834.0,1917
12,1,10,16,944.0,1915
12,1,10,17,1079.0,1909
12,1,10,18,1144.0,1898
12,1,10,19,1210.0,1888
12,1,10,20,1425.0,1850
12,1,10,21,1575.0,1837
12,1,10,22,1680.0,1833
12,1,10,23,1771.0,1831
12,1,10,24,1886.5,1828
12,1,10,25,2019.0,1822
12,1,10,26,2107.0,1794
12,1,10,27,2189.0,1745
12,1,10,28,2276.0,1726
12,1,10,29,2347.0,1713
12,1,10,30,2418.0,1711
12,1,10,31,2481.0,1709
12,1,10,32,2561.0,1708
12,1,10,33,2644.0,1707
12,1,10,34,2825.0,1701
12,1,10,35,2933.0,1700
12,1,10,36,3012.0,1679
12,1,10,37,3078.0,1635
12,1,10,38,3145.5,1440
12,1,10,39,3149.0,714
12,1,10,40,3283.0,59
12,1,10,41,3723.5,18
12,1,10,42,4129.0,9
12,1,10,43,4231.0,7
12,1,10,44,4312.0,6
12,1,10,45,4394.0,6
12,1,10,46,4472.0,6
12,1,10,47,4517.0,5
12,1,10,48,4641.0,5
12,1,10,49,4726.0,5
12,1,10,50,5028.0,4
12,1,10,51,5147.0,2
12,1,10,52,5244.0,2
12,1,10,53,4720.0,1
12,1,10,54,4778.0,1
12,1,10,55,4830.0,1
12,1,11,11,111.0,1926
12,1,11,12,277.0,1926
12,1,11,13,367.0,1925
12,1,11,14,509.0,1924
12,1,11,15,724.0,1923
12,1,11,16,833.0,1921
12,1,11,17,968.0,1915
12,1,11,18,1028.0,1903
12,1,11,19,1093.0,1893
12,1,11,20,1308.0,1855
12,1,11,21,1460.0,1842
12,1,11,22,1565.0,1838
12,1,11,23,1654.5,1836
12,1,11,24,1772.0,1833
12,1,11,25,1903.0,1827
12,1,11,26,1992.0,1798
12,1,11,27,2077.0,1749
12,1,11,28,2163.0,1729
12,1,11,29,2239.5,1716
12,1,11,30,2310.5,1714
12,1,11,31,2372.0,1712
12,1,11,32,2446.0,1711
12,1,11,33,2531.5,1710
12,1,11,34,2714.5,1704
12,1,11,35,2814.0,1703
12,1,11,36,2894.0,1682
12,1,11,37,2962.0,1638
12,1,11,38,3026.0,1443
12,1,11,39,3047.5,716
12,1,11,40,3154.0,60
12,1,11,41,3594.5,18
12,1,11,42,4053.0,9
12,1,11,43,4134.0,7
12,1,11,44,4219.5,6
12,1,11,45,4309.5,6
12,1,11,46,4392.5,6
12,1,11,47,4450.0,5
12,1,11,48,4511.0,5
12,1,11,49,4596.0,5
12,1,11,50,4929.5,4
12,1,11,51,5002.5,2
12,1,11,52,5099.5,2
12,1,11,53,4583.0,1
12,1,11,54,4641.0,1
12,1,11,55,4693.0,1
12,1,12,12,131.0,1926
12,1,12,13,222.0,1925
12,1,12,14,361.0,1924
12,1,12,15,576.0,1923
12,1,12,16,685.0,1921
12,1,12,17,822.0,1915
12,1,12,18,881.0,1903
12,1,12,19,950.0,1893
12,1,12,20,1163.0,1855
12,1,12,21,1313.0,1842
12,1,12,22,1418.5,1838
12,1,12,23,1507.5,1836
12,1,12,24,1624.0,1833
12,1,12,25,1755.0,1827
12,1,12,26,1845.5,1798
12,1,12,27,1928.0,1749
12,1,12,28,2014.0,1729
12,1,12,29,2092.0,1716
12,1,12,30,2162.5,1714
12,1,12,31,2224.5,1712
12,1,12,32,2302.0,1711
12,1,12,33,2389.5,1710
12,1,12,34,2567.0,1704
12,1,12,35,2660.0,1703
12,1,12,36,2749.0,1682
12,1,12,37,2813.5,1638
12,1,12,38,2881.0,1443
12,1,12,39,2899.5,716
12,1,12,40,2996.0,60
12,1,12,41,3482.0,18
12,1,12,42,3901.0,9
12,1,12,43,3992.0,7
12,1,12,44,4064.0,6
12,1,12,45,4147.0,6
12,1,12,46,4243.0,6
12,1,12,47,4241.0,5
12,1,12,48,4395.0,5
12,1,12,49,4480.0,5
12,1,12,50,4767.0,4
12,1,12,51,4846.5,2
12,1,12,52,4943.5,2
12,1,12,53,4455.0,1
12,1,12,54,4513.0,1
12,1,12,55,4565.0,1
12,1,13,13,51.0,1926
12,1,13,14,193.0,1925
12,1,13,15,412.0,1924
12,1,13,16,520.0,1922
12,1,13,17,656.0,1916
12,1,13,18,717.0,1904
12,1,13,19,779.5,1894
12,1,13,20,995.0,1856
12,1,13,21,1144.0,1843
12,1,13,22,1250.0,1839
12,1,13,23,1341.0,1837
12,1,13,24,1459.0,1834
12,1,13,25,1582.5,1828
12,1,13,26,1678.0,1799
12,1,13,27,1761.0,1750
12,1,13,28,1850.0,1729
12,1,13,29,1921.0,1716
12,1,13,30,1988.0,1714
12,1,13,31,2051.5,1712
12,1,13,32,2127.0,1711
12,1,13,33,2223.0,1710
12,1,13,34,2399.0,1704
12,1,13,35,2500.0,1703
12,1,13,36,2579.0,1682
12,1,13,37,2643.5,1638
12,1,13,38,2708.0,1443
12,1,13,39,2719.5,716
12,1,13,40,2834.0,60
12,1,13,41,3338.5,18
12,1,13,42,3678.0,9
12,1,13,43,3868.0,7
12,1,13,44,3865.5,6
12,1,13,45,3947.5,6
12,1,13,46,4025.5,6
12,1,13,47,4018.0,5
12,1,13,48,4255.0,5
12,1,13,49,4340.0,5
12,1,13,50,4585.5,4
12,1,13,51,4630.0,2
12,1,13,52,4727.0,2
12,1,13,53,4233.0,1
12,1,13,54,4291.0,1
12,1,13,55,4343.0,1
12,1,14,14,101.5,1926
12,1,14,15,318.0,1925
12,1,14,16,425.0,1923
12,1,14,17,562.0,1917
12,1,14,18,625.0,1905
12,1,14,19,683.0,1895
12,1,14,20,901.0,1856
12,1,14,21,1051.0,1843
12,1,14,22,1156.0,1839
12,1,14,23,1244.0,1837
12,1,14,24,1364.0,1834
12,1,14,25,1493.5,1828
12,1,14,26,1582.0,1799
12,1,14,27,1669.0,1750
12,1,14,28,1755.0,1729
12,1,14,29,1830.0,1716
12,1,14,30,1900.0,1714
12,1,14,31,1964.0,1712
12,1,14,32,2038.0,1711
12,1,14,33,2131.0,1710
12,1,14,34,2304.5,1704
12,1,14,35,2404.0,1703
12,1,14,36,2488.0,1682
12,1,14,37,2551.5,1638
12,1,14,38,2619.0,1443
12,1,14,39,2628.5,716
12,1,14,40,2728.5,60
12,1,14,41,3184.0,18
12,1,14,42,3540.0,9
12,1,14,43,3790.0,7
12,1,14,44,3757.5,6
12,1,14,45,3839.5,6
12,1,14,46,3917.5,6
12,1,14,47,3880.0,5
12,1,14,48,4189.0,5
12,1,14,49,4274.0,5
12,1,14,50,4403.0,4
12,1,14,51,4260.0,2
12,1,14,52,4357.0,2
12,1,14,53,4157.0,1
12,1,14,54,4215.0,1
12,1,14,55,4267.0,1
12,1,15,15,198.0,1927
12,1,15,16,301.0,1925
12,1,15,17,443.0,1919
12,1,15,18,506.0,1907
12,1,15,19,561.0,1897
12,1,15,20,773.0,1858
12,1,15,21,921.0,1845
12,1,15,22,1029.0,1841
12,1,15,23,1117.0,1839
12,1,15,24,1231.5,1836
12,1,15,25,1363.0,1829
12,1,15,26,1455.0,1800
12,1,15,27,1539.0,1751
12,1,15,28,1628.0,1730
12,1,15,29,1699.0,1717
12,1,15,30,1769.0,1715
12,1,15,31,1830.0,1713
12,1,15,32,1906.5,1712
12,1,15,33,1987.0,1711
12,1,15,34,2170.0,1705
12,1,15,35,2269.5,1704
12,1,15,36,2350.0,1683
12,1,15,37,2417.0,1639
12,1,15,38,2494.5,1444
12,1,15,39,2517.0,716
12,1,15,40,2587.5,60
12,1,15,41,3036.5,18
12,1,15,42,3356.0,9
12,1,15,43,3493.0,7
12,1,15,44,3529.0,6
12,1,15,45,3612.0,6
12,1,15,46,3708.0,6
12,1,15,47,3696.0,5
12,1,15,48,3870.0,5
12,1,15,49,3955.0,5
12,1,15,50,4106.0,4
12,1,15,51,4091.0,2
12,1,15,52,4188.0,2
12,1,15,53,4094.0,1
12,1,15,54,4152.0,1
12,1,15,55,4204.0,1
12,1,16,16,78.0,1925
12,1,16,17,214.0,1919
12,1,16,18,275.0,1907
12,1,16,19,334.0,1897
12,1,16,20,538.0,1858
12,1,16,21,686.0,1845
12,1,16,22,793.0,1841
12,1,16,23,880.0,1839
12,1,16,24,1000.0,1836
12,1,16,25,1129.0,1829
12,1,16,26,1224.0,1800
12,1,16,27,1304.0,1751
12,1,16,28,1385.5,1730
12,1,16,29,1461.0,1717
12,1,16,30,1530.0,1715
12,1,16,31,1592.0,1713
12,1,16,32,1669.0,1712
12,1,16,33,1756.0,1711
12,1,16,34,1933.0,1705
12,1,16,35,2034.0,1704
12,1,16,36,2116.0,1683
12,1,16,37,2178.0,1639
12,1,16,38,2250.0,1444
12,1,16,39,2281.5,716
12,1,16,40,2474.0,60
12,1,16,41,2925.5,18
12,1,16,42,3104.0,9
12,1,16,43,3338.0,7
12,1,16,44,3325.5,6
12,1,16,45,3408.5,6
12,1,16,46,3504.5,6
12,1,16,47,3444.0,5
12,1,16,48,3715.0,5
12,1,16,49,3800.0,5
12,1,16,50,3901.5,4
12,1,16,51,3846.5,2
12,1,16,52,3943.5,2
12,1,16,53,3859.0,1
12,1,16,54,3917.0,1
12,1,16,55,3969.0,1
12,1,17,17,108.0,1922
12,1,17,18,169.0,1910
12,1,17,19,224.0,1900
12,1,17,20,428.0,1861
12,1,17,21,572.0,1848
12,1,17,22,680.0,1844
12,1,17,23,769.0,1842
12,1,17,24,884.0,1839
12,1,17,25,1016.0,1832
12,1,17,26,1109.0,1803
12,1,17,27,1190.0,1754
12,1,17,28,1276.0,1733
12,1,17,29,1350.5,1720
12,1,17,30,1420.0,1718
12,1,17,31,1484.0,1716
12,1,17,32,1558.0,1715
12,1,17,33,1646.0,1714
12,1,17,34,1824.0,1708
12,1,17,35,1924.0,1707
12,1,17,36,1999.0,1686
12,1,17,37,2065.5,1642
12,1,17,38,2137.5,1446
12,1,17,39,2175.5,718
12,1,17,40,2337.5,60
12,1,17,41,2769.0,18
12,1,17,42,3044.0,9
12,1,17,43,3198.0,7
12,1,17,44,3206.0,6
12,1,17,45,3289.0,6
12,1,17,46,3385.0,6
12,1,17,47,3345.0,5
12,1,17,48,3575.0,5
12,1,17,49,3660.0,5
12,1,17,50,3786.5,4
12,1,17,51,3773.0,2
12,1,17,52,3870.0,2
12,1,17,53,3802.0,1
12,1,17,54,3860.0,1
12,1,17,55,3912.0,1
12,1,18,18,25.0,1916
12,1,18,19,70.0,1906
12,1,18,20,289.0,1867
12,1,18,21,437.0,1853
12,1,18,22,543.0,1849
12,1,18,23,630.0,1847
12,1,18,24,746.5,1844
12,1,18,25,881.0,1837
12,1,18,26,970.0,1807
12,1,18,27,1049.0,1757
12,1,18,28,1135.0,1736
12,1,18,29,1209.0,1723
12,1,18,30,1277.0,1721
12,1,18,31,1340.0,1719
12,1,18,32,1415.0,1718
12,1,18,33,1502.0,1717
12,1,18,34,1680.0,1711
12,1,18,35,1781.0,1710
12,1,18,36,1860.0,1689
12,1,18,37,1927.0,1645
12,1,18,38,1992.0,1449
12,1,18,39,2023.0,720
12,1,18,40,2225.5,60
12,1,18,41,2608.5,18
12,1,18,42,2918.0,9
12,1,18,43,3059.0,7
12,1,18,44,3080.5,6
12,1,18,45,3160.0,6
12,1,18,46,3259.5,6
12,1,18,47,3233.0,5
12,1,18,48,3436.0,5
12,1,18,49,3521.0,5
12,1,18,50,3616.5,4
12,1,18,51,3609.5,2
12,1,18,52,3706.5,2
12,1,18,53,3676.0,1
12,1,18,54,3734.0,1
12,1,18,55,3786.0,1
12,1,19,19,29.0,1918
12,1,19,20,246.0,1879
12,1,19,21,387.0,1865
12,1,19,22,494.0,1861
12,1,19,23,579.0,1859
12,1,19,24,695.0,1856
12,1,19,25,829.0,1849
12,1,19,26,923.0,1818
12,1,19,27,1000.0,1768
12,1,19,28,1085.0,1742
12,1,19,29,1157.0,1729
12,1,19,30,1228.0,1727
12,1,19,31,1289.0,1725
12,1,19,32,1360.5,1724
12,1,19,33,1442.0,1723
12,1,19,34,1631.0,1717
12,1,19,35,1728.0,1716
12,1,19,36,1807.0,1695
12,1,19,37,1874.0,1649
12,1,19,38,1941.0,1453
12,1,19,39,1973.0,724
12,1,19,40,2061.0,62
12,1,19,41,2331.0,18
12,1,19,42,2898.0,9
12,1,19,43,3033.0,7
12,1,19,44,3056.0,6
12,1,19,45,3136.5,6
12,1,19,46,3235.0,6
12,1,19,47,3210.0,5
12,1,19,48,3410.0,5
12,1,19,49,3495.0,5
12,1,19,50,3591.5,4
12,1,19,51,3587.5,2
12,1,19,52,3684.5,2
12,1,19,53,3656.0,1
12,1,19,54,3714.0,1
12,1,19,55,3766.0,1
12,1,20,20,168.0,1888
12,1,20,21,308.0,1874
12,1,20,22,415.0,1870
12,1,20,23,499.0,1868
12,1,20,24,613.0,1865
12,1,20,25,746.0,1857
12,1,20,26,839.5,1826
12,1,20,27,915.0,1772
12,1,20,28,1006.0,1746
12,1,20,29,1081.0,1732
12,1,20,30,1149.0,1730
12,1,20,31,1208.5,1728
12,1,20,32,1283.0,1727
12,1,20,33,1359.0,1726
12,1,20,34,1545.0,1720
12,1,20,35,1642.0,1719
12,1,20,36,1724.0,1698
12,1,20,37,1796.0,1652
12,1,20,38,1874.5,1456
12,1,20,39,1917.5,726
12,1,20,40,1998.0,62
12,1,20,41,2189.0,18
12,1,20,42,2884.0,9
12,1,20,43,2993.0,7
12,1,20,44,3016.0,6
12,1,20,45,3102.5,6
12,1,20,46,3175.5,6
12,1,20,47,3131.0,5
12,1,20,48,3370.0,5
12,1,20,49,3455.0,5
12,1,20,50,3561.5,4
12,1,20,51,3570.5,2
12,1,20,52,3667.5,2
12,1,20,53,3642.0,1
12,1,20,54,3700.0,1
12,1,20,55,3752.0,1
12,1,21,21,105.0,1888
12,1,21,22,206.0,1884
12,1,21,23,293.0,1882
12,1,21,24,408.0,1878
12,1,21,25,537.0,1869
12,1,21,26,624.0,1837
12,1,21,27,699.0,1782
12,1,21,28,784.0,1753
12,1,21,29,859.0,1737
12,1,21,30,928.0,1735
12,1,21,31,988.0,1733
12,1,21,32,1063.0,1732
12,1,21,33,1146.0,1730
12,1,21,34,1323.0,1723
12,1,21,35,1424.0,1722
12,1,21,36,1502.0,1701
12,1,21,37,1572.0,1655
12,1,21,38,1658.0,1459
12,1,21,39,1712.0,727
12,1,21,40,1936.0,63
12,1,21,41,2167.0,19
12,1,21,42,2580.0,9
12,1,21,43,2720.0,7
12,1,21,44,2743.5,6
12,1,21,45,2816.5,6
12,1,21,46,2927.0,6
12,1,21,47,2920.0,5
12,1,21,48,3155.0,5
12,1,21,49,3239.0,5
12,1,21,50,3289.0,4
12,1,21,51,3232.5,2
12,1,21,52,3329.5,2
12,1,21,53,3296.0,1
12,1,21,54,3354.0,1
12,1,21,55,3406.0,1
12,1,22,22,78.0,1919
12,1,22,23,164.0,1917
12,1,22,24,277.0,1913
12,1,22,25,405.0,1901
12,1,22,26,491.0,1868
12,1,22,27,569.0,1812
12,1,22,28,653.0,1781
12,1,22,29,726.0,1756
12,1,22,30,794.0,1753
12,1,22,31,856.0,1751
12,1,22,32,931.0,1750
12,1,22,33,1015.5,1748
12,1,22,34,1193.0,1740
12,1,22,35,1292.0,1736
12,1,22,36,1370.0,1715
12,1,22,37,1441.0,1669
12,1,22,38,1519.0,1472
12,1,22,39,1569.0,739
12,1,22,40,1781.5,74
12,1,22,41,2337.0,28
12,1,22,42,2505.0,10
12,1,22,43,2589.0,7
12,1,22,44,2621.0,6
12,1,22,45,2694.0,6
12,1,22,46,2804.5,6
12,1,22,47,2806.0,5
12,1,22,48,2980.0,5
12,1,22,49,3065.0,5
12,1,22,50,3136.0,4
12,1,22,51,3126.0,2
12,1,22,52,3223.0,2
12,1,22,53,3214.0,1
12,1,22,54,3272.0,1
12,1,22,55,3324.0,1
12,1,23,23,70.0,1919
12,1,23,24,184.0,1915
12,1,23,25,309.0,1903
12,1,23,26,398.0,1870
12,1,23,27,474.0,1814
12,1,23,28,561.0,1783
12,1,23,29,634.0,1756
12,1,23,30,701.0,1753
12,1,23,31,763.0,1751
12,1,23,32,837.0,1750
12,1,23,33,923.0,1748
12,1,23,34,1100.0,1740
12,1,23,35,1198.0,1736
12,1,23,36,1278.0,1715
12,1,23,37,1349.0,1669
12,1,23,38,1427.0,1472
12,1,23,39,1472.0,739
12,1,23,40,1629.5,74
12,1,23,41,2020.5,28
12,1,23,42,2443.0,10
12,1,23,43,2494.0,7
12,1,23,44,2559.0,6
12,1,23,45,2632.0,6
12,1,23,46,2742.5,6
12,1,23,47,2775.0,5
12,1,23,48,2930.0,5
12,1,23,49,3013.0,5
12,1,23,50,3063.5,4
12,1,23,51,3055.5,2
12,1,23,52,3152.5,2
12,1,23,53,3168.0,1
12,1,23,54,3226.0,1
12,1,23,55,3278.0,1
12,1,24,24,84.0,1921
12,1,24,25,209.0,1909
12,1,24,26,299.0,1876
12,1,24,27,377.0,1820
12,1,24,28,462.0,1788
12,1,24,29,534.0,1760
12,1,24,30,603.0,1757
12,1,24,31,664.0,1753
12,1,24,32,737.0,1752
12,1,24,33,823.0,1750
12,1,24,34,995.0,1742
12,1,24,35,1098.0,1737
12,1,24,36,1177.0,1716
12,1,24,37,1247.0,1670
12,1,24,38,1329.0,1473
12,1,24,39,1373.5,740
12,1,24,40,1552.0,75
12,1,24,41,1929.5,28
12,1,24,42,2354.0,10
12,1,24,43,2418.0,7
12,1,24,44,2470.0,6
12,1,24,45,2543.0,6
12,1,24,46,2653.5,6
12,1,24,47,2670.0,5
12,1,24,48,2827.0,5
12,1,24,49,2908.0,5
12,1,24,50,2971.0,4
12,1,24,51,2956.5,2
12,1,24,52,3053.5,2
12,1,24,53,3075.0,1
12,1,24,54,3133.0,1
12,1,24,55,3185.0,1
12,1,25,25,103.0,1914
12,1,25,26,186.0,1881
12,1,25,27,262.0,1825
12,1,25,28,347.0,1792
12,1,25,29,420.0,1764
12,1,25,30,488.0,1761
12,1,25,31,548.0,1757
12,1,25,32,623.0,1756
12,1,25,33,707.0,1753
12,1,25,34,882.0,1745
12,1,25,35,980.0,1740
12,1,25,36,1063.0,1719
12,1,25,37,1130.0,1671
12,1,25,38,1215.0,1474
12,1,25,39,1271.0,741
12,1,25,40,1447.0,75
12,1,25,41,1840.0,28
12,1,25,42,2277.0,10
12,1,25,43,2338.0,7
12,1,25,44,2372.5,6
12,1,25,45,2456.0,6
12,1,25,46,2569.0,6
12,1,25,47,2580.0,5
12,1,25,48,2715.0,5
12,1,25,49,2800.0,5
12,1,25,50,2858.5,4
12,1,25,51,2876.0,2
12,1,25,52,2973.0,2
12,1,25,53,3004.0,1
12,1,25,54,3062.0,1
12,1,25,55,3114.0,1
12,1,26,26,56.0,1890
12,1,26,27,135.0,1834
12,1,26,28,219.0,1799
12,1,26,29,291.0,1770
12,1,26,30,361.0,1767
12,1,26,31,422.0,1763
12,1,26,32,494.0,1762
12,1,26,33,577.0,1759
12,1,26,34,756.0,1751
12,1,26,35,854.0,1746
12,1,26,36,934.0,1725
12,1,26,37,1004.0,1676
12,1,26,38,1081.0,1477
12,1,26,39,1133.5,742
12,1,26,40,1329.0,75
12,1,26,41,1703.5,28
12,1,26,42,2135.0,10
12,1,26,43,2184.0,7
12,1,26,44,2230.5,6
12,1,26,45,2313.5,6
12,1,26,46,2427.0,6
12,1,26,47,2450.0,5
12,1,26,48,2561.0,5
12,1,26,49,2646.0,5
12,1,26,50,2716.5,4
12,1,26,51,2745.5,2
12,1,26,52,2842.5,2
12,1,26,53,2873.0,1
12,1,26,54,2931.0,1
12,1,26,55,2983.0,1
12,1,27,27,46.0,1859
12,1,27,28,134.0,1824
12,1,27,29,205.0,1792
12,1,27,30,274.0,1788
12,1,27,31,334.5,1784
12,1,27,32,409.0,1783
12,1,27,33,488.0,1780
12,1,27,34,673.0,1771
12,1,27,35,771.0,1766
12,1,27,36,852.0,1745
12,1,27,37,920.0,1696
12,1,27,38,995.0,1493
12,1,27,39,1043.5,752
12,1,27,40,1220.0,76
12,1,27,41,1635.5,28
12,1,27,42,2037.5,10
12,1,27,43,2086.0,7
12,1,27,44,2134.0,6
12,1,27,45,2220.5,6
12,1,27,46,2322.0,6
12,1,27,47,2350.0,5
12,1,27,48,2451.0,5
12,1,27,49,2536.0,5
12,1,27,50,2611.5,4
12,1,27,51,2657.5,2
12,1,27,52,2754.5,2
12,1,27,53,2797.0,1
12,1,27,54,2855.0,1
12,1,27,55,2907.0,1
12,1,28,28,57.0,1882
12,1,28,29,130.0,1850
12,1,28,30,198.0,1846
12,1,28,31,260.0,1842
12,1,28,32,333.0,1840
12,1,28,33,413.0,1837
12,1,28,34,597.0,1827
12,1,28,35,698.0,1821
12,1,28,36,779.0,1800
12,1,28,37,844.0,1751
12,1,28,38,920.0,1545
12,1,28,39,970.5,790
12,1,28,40,1122.0,89
12,1,28,41,1618.0,29
12,1,28,42,1976.5,10
12,1,28,43,2024.0,7
12,1,28,44,2072.0,6
12,1,28,45,2154.0,6
12,1,28,46,2268.5,6
12,1,28,47,2293.0,5
12,1,28,48,2401.0,5
12,1,28,49,2486.0,5
12,1,28,50,2558.0,4
12,1,28,51,2587.5,2
12,1,28,52,2684.5,2
12,1,28,53,2714.0,1
12,1,28,54,2772.0,1
12,1,28,55,2824.0,1
12,1,29,29,42.0,1889
12,1,29,30,112.0,1884
12,1,29,31,174.0,1879
12,1,29,32,246.0,1877
12,1,29,33,325.0,1873
12,1,29,34,509.0,1862
12,1,29,35,611.0,1856
12,1,29,36,688.5,1834
12,1,29,37,757.0,1785
12,1,29,38,832.0,1577
12,1,29,39,879.0,821
12,1,29,40,1018.0,107
12,1,29,41,1510.0,31
12,1,29,42,1922.5,10
12,1,29,43,1964.0,7
12,1,29,44,2018.0,6
12,1,29,45,2099.0,6
12,1,29,46,2214.5,6
12,1,29,47,2245.0,5
12,1,29,48,2341.0,5
12,1,29,49,2426.0,5
12,1,29,50,2504.0,4
12,1,29,51,2537.0,2
12,1,29,52,2634.0,2
12,1,29,53,2661.0,1
12,1,29,54,2719.0,1
12,1,29,55,2771.0,1
12,1,30,30,37.0,1914
12,1,30,31,100.0,1909
12,1,30,32,169.0,1905
12,1,30,33,243.0,1901
12,1,30,34,435.0,1885
12,1,30,35,536.5,1874
12,1,30,36,614.0,1852
12,1,30,37,682.0,1803
12,1,30,38,754.0,1595
12,1,30,39,802.0,837
12,1,30,40,929.0,123
12,1,30,41,1482.0,43
12,1,30,42,1882.0,13
12,1,30,43,1936.0,9
12,1,30,44,1997.5,8
12,1,30,45,2060.0,7
12,1,30,46,2161.0,7
12,1,30,47,2206.0,6
12,1,30,48,2314.0,6
12,1,30,49,2397.0,6
12,1,30,50,2446.5,4
12,1,30,51,2460.0,2
12,1,30,52,2557.0,2
12,1,30,53,2562.0,1
12,1,30,54,2620.0,1
12,1,30,55,2672.0,1
12,1,31,31,35.0,1918
12,1,31,32,109.0,1914
12,1,31,33,173.0,1910
12,1,31,34,376.0,1890
12,1,31,35,476.0,1879
12,1,31,36,553.0,1857
12,1,31,37,620.0,1808
12,1,31,38,690.0,1600
12,1,31,39,734.0,840
12,1,31,40,843.0,125
12,1,31,41,1426.5,44
12,1,31,42,1819.0,13
12,1,31,43,1864.0,9
12,1,31,44,1931.5,8
12,1,31,45,2005.0,7
12,1,31,46,2108.0,7
12,1,31,47,2145.0,6
12,1,31,48,2264.0,6
12,1,31,49,2347.0,6
12,1,31,50,2396.5,4
12,1,31,51,2401.5,2
12,1,31,52,2498.5,2
12,1,31,53,2490.0,1
12,1,31,54,2548.0,1
12,1,31,55,2600.0,1
12,1,32,32,62.0,1920
12,1,32,33,132.5,1916
12,1,32,34,324.0,1896
12,1,32,35,422.0,1885
12,1,32,36,504.0,1863
12,1,32,37,570.0,1814
12,1,32,38,645.0,1606
12,1,32,39,694.5,844
12,1,32,40,778.5,128
12,1,32,41,1383.0,47
12,1,32,42,1810.5,14
12,1,32,43,1863.5,10
12,1,32,44,1922.0,9
12,1,32,45,1983.5,8
12,1,32,46,2079.5,8
12,1,32,47,2118.0,7
12,1,32,48,2227.5,6
12,1,32,49,2310.5,6
12,1,32,50,2360.0,4
12,1,32,51,2363.0,2
12,1,32,52,2460.0,2
12,1,32,53,2451.0,1
12,1,32,54,2509.0,1
12,1,32,55,2561.0,1
12,1,33,33,44.0,1921
12,1,33,34,240.0,1900
12,1,33,35,342.0,1887
12,1,33,36,424.0,1865
12,1,33,37,494.0,1816
12,1,33,38,565.0,1608
12,1,33,39,617.0,846
12,1,33,40,737.0,129
12,1,33,41,1295.0,47
12,1,33,42,1697.0,14
12,1,33,43,1747.0,10
12,1,33,44,1827.0,9
12,1,33,45,1882.5,8
12,1,33,46,1988.0,8
12,1,33,47,2023.0,7
12,1,33,48,2130.5,6
12,1,33,49,2213.5,6
12,1,33,50,2263.0,4
12,1,33,51,2282.0,2
12,1,33,52,2379.0,2
12,1,33,53,2376.0,1
12,1,33,54,2434.0,1
12,1,33,55,2486.0,1
12,1,34,34,137.0,1905
12,1,34,35,243.0,1892
12,1,34,36,341.0,1868
12,1,34,37,406.0,1819
12,1,34,38,495.0,1611
12,1,34,39,552.0,849
12,1,34,40,664.0,131
12,1,34,41,1224.0,47
12,1,34,42,1631.0,14
12,1,34,43,1680.5,10
12,1,34,44,1725.0,9
12,1,34,45,1800.0,8
12,1,34,46,1915.5,8
12,1,34,47,1963.0,7
12,1,34,48,2072.5,6
12,1,34,49,2155.5,6
12,1,34,50,2205.0,4
12,1,34,51,2226.0,2
12,1,34,52,2323.0,2
12,1,34,53,2321.0,1
12,1,34,54,2379.0,1
12,1,34,55,2431.0,1
12,1,35,35,87.0,1913
12,1,35,36,162.0,1888
12,1,35,37,232.0,1838
12,1,35,38,316.0,1630
12,1,35,39,409.0,868
12,1,35,40,600.5,146
12,1,35,41,999.5,54
12,1,35,42,1392.0,18
12,1,35,43,1442.0,14
12,1,35,44,1475.5,12
12,1,35,45,1492.0,10
12,1,35,46,1575.0,10
12,1,35,47,1608.0,9
12,1,35,48,1744.0,8
12,1,35,49,1861.5,8
12,1,35,50,1844.5,6
12,1,35,51,1942.5,4
12,1,35,52,2042.5,4
12,1,35,53,2083.0,3
12,1,35,54,2064.5,2
12,1,35,55,2104.0,2
12,1,36,36,54.0,1902
12,1,36,37,126.0,1852
12,1,36,38,203.0,1643
12,1,36,39,292.0,881
12,1,36,40,468.0,159
12,1,36,41,871.5,64
12,1,36,42,1446.0,21
12,1,36,43,1401.0,15
12,1,36,44,1429.0,12
12,1,36,45,1419.5,10
12,1,36,46,1503.0,10
12,1,36,47,1508.0,9
12,1,36,48,1650.5,8
12,1,36,49,1736.5,8
12,1,36,50,1679.5,6
12,1,36,51,1777.5,4
12,1,36,52,1877.5,4
12,1,36,53,1866.0,3
12,1,36,54,1904.5,2
12,1,36,55,1944.0,2
12,1,37,37,47.0,1859
12,1,37,38,122.0,1649
12,1,37,39,189.0,886
12,1,37,40,329.5,164
12,1,37,41,794.5,66
12,1,37,42,1268.0,23
12,1,37,43,1364.0,15
12,1,37,44,1373.5,12
12,1,37,45,1374.5,10
12,1,37,46,1459.0,10
12,1,37,47,1475.0,9
12,1,37,48,1589.0,8
12,1,37,49,1686.5,8
12,1,37,50,1623.0,6
12,1,37,51,1721.0,4
12,1,37,52,1821.0,4
12,1,37,53,1821.0,3
12,1,37,54,1837.0,2
12,1,37,55,1876.5,2
12,1,38,38,52.0,1650
12,1,38,39,126.0,887
12,1,38,40,209.0,165
12,1,38,41,710.0,67
12,1,38,42,1205.5,24
12,1,38,43,1366.0,16
12,1,38,44,1310.0,13
12,1,38,45,1257.0,11
12,1,38,46,1348.0,11
12,1,38,47,1336.5,10
12,1,38,48,1402.5,8
12,1,38,49,1467.5,8
12,1,38,50,1542.5,6
12,1,38,51,1640.5,4
12,1,38,52,1740.5,4
12,1,38,53,1751.0,3
12,1,38,54,1756.0,2
12,1,38,55,1795.5,2
12,1,39,39,51.0,891
12,1,39,40,148.5,168
12,1,39,41,645.0,68
12,1,39,42,1120.0,25
12,1,39,43,1277.5,16
12,1,39,44,1228.0,13
12,1,39,45,1156.0,11
12,1,39,46,1247.0,11
12,1,39,47,1230.5,10
12,1,39,48,1295.0,8
12,1,39,49,1360.0,8
12,1,39,50,1435.0,6
12,1,39,51,1533.0,4
12,1,39,52,1633.0,4
12,1,39,53,1670.0,3
12,1,39,54,1651.5,2
12,1,39,55,1691.0,2
12,1,40,40,66.0,168
12,1,40,41,605.0,68
12,1,40,42,900.0,25
12,1,40,43,1022.5,16
12,1,40,44,1020.0,13
12,1,40,45,1059.0,11
12,1,40,46,1189.0,11
12,1,40,47,1178.5,10
12,1,40,48,1244.5,8
12,1,40,49,1309.5,8
12,1,40,50,1384.5,6
12,1,40,51,1482.5,4
12,1,40,52,1582.5,4
12,1,40,53,1617.0,3
12,1,40,54,1609.0,2
12,1,40,55,1648.5,2
12,1,41,41,320.0,68
12,1,41,42,513.0,25
12,1,41,43,538.5,16
12,1,41,44,597.0,13
12,1,41,45,650.0,11
12,1,41,46,751.0,11
12,1,41,47,792.5,10
12,1,41,48,876.5,8
12,1,41,49,970.0,8
12,1,41,50,1030.5,6
12,1,41,51,1113.0,4
12,1,41,52,1210.0,4
12,1,41,53,1248.0,3
12,1,41,54,1276.5,2
12,1,41,55,1316.0,2
12,1,42,42,120.0,25
12,1,42,43,160.0,16
12,1,42,44,254.0,13
12,1,42,45,279.0,11
12,1,42,46,374.0,11
12,1,42,47,440.0,10
12,1,42,48,574.0,8
12,1,42,49,670.5,8
12,1,42,50,641.0,6
12,1,42,51,676.5,4
12,1,42,52,776.5,4
12,1,42,53,791.0,3
12,1,42,54,861.5,2
12,1,42,55,901.0,2
12,1,43,43,47.5,16
12,1,43,44,143.0,13
12,1,43,45,183.0,11
12,1,43,46,284.0,11
12,1,43,47,336.0,10
12,1,43,48,401.0,8
12,1,43,49,501.0,8
12,1,43,50,539.5,6
12,1,43,51,622.5,4
12,1,43,52,713.0,4
12,1,43,53,754.0,3
12,1,43,54,797.0,2
12,1,43,55,836.5,2
12,1,44,44,70.0,13
12,1,44,45,156.0,11
12,1,44,46,240.0,11
12,1,44,47,282.5,10
12,1,44,48,373.0,8
12,1,44,49,473.0,8
12,1,44,50,511.0,6
12,1,44,51,594.0,4
12,1,44,52,676.0,4
12,1,44,53,711.0,3
12,1,44,54,758.5,2
12,1,44,55,798.0,2
12,1,45,45,75.0,11
12,1,45,46,154.0,11
12,1,45,47,201.0,10
12,1,45,48,312.0,8
12,1,45,49,403.5,8
12,1,45,50,448.0,6
12,1,45,51,530.5,4
12,1,45,52,625.0,4
12,1,45,53,666.0,3
12,1,45,54,701.0,2
12,1,45,55,740.5,2
12,1,46,46,80.0,11
12,1,46,47,136.0,10
12,1,46,48,237.5,8
12,1,46,49,343.0,8
12,1,46,50,403.5,6
12,1,46,51,486.5,4
12,1,46,52,556.5,4
12,1,46,53,586.0,3
12,1,46,54,643.5,2
12,1,46,55,683.0,2
12,1,47,47,41.0,10
12,1,47,48,161.5,8
12,1,47,49,263.5,8
12,1,47,50,313.5,6
12,1,47,51,385.0,4
12,1,47,52,485.0,4
12,1,47,53,534.0,3
12,1,47,54,610.0,2
12,1,47,55,649.5,2
12,1,48,48,82.0,8
12,1,48,49,185.0,8
12,1,48,50,263.5,6
12,1,48,51,346.0,4
12,1,48,52,434.5,4
12,1,48,53,483.0,3
12,1,48,54,536.5,2
12,1,48,55,576.0,2
12,1,49,49,91.5,8
12,1,49,50,135.5,6
12,1,49,51,237.0,4
12,1,49,52,326.0,4
12,1,49,53,365.0,3
12,1,49,54,454.5,2
12,1,49,55,494.0,2
12,1,50,50,49.0,6
12,1,50,51,143.0,4
12,1,50,52,209.0,4
12,1,50,53,260.0,3
12,1,50,54,370.5,2
12,1,50,55,410.0,2
12,1,51,51,81.5,4
12,1,51,52,152.5,4
12,1,51,53,212.0,3
12,1,51,54,274.5,2
12,1,51,55,314.0,2
12,1,52,52,91.0,4
12,1,52,53,125.0,3
12,1,52,54,189.5,2
12,1,52,55,229.0,2
12,1,53,53,40.0,3
12,1,53,54,117.5,2
12,1,53,55,157.0,2
12,1,54,54,70.0,2
12,1,54,55,109.5,2
12,1,55,55,29.0,2
12,2,2,2,234.5,1470
12,2,2,3,299.0,1459
12,2,2,4,389.0,1413
12,2,2,5,536.0,1410
12,2,2,6,603.0,1406
12,2,2,7,636.0,1402
12,2,2,8,712.0,1401
12,2,2,9,773.0,1401
12,2,2,10,902.0,1401
12,2,2,11,974.0,1400
12,2,2,12,1047.0,1400
12,2,2,13,1118.0,1399
12,2,2,14,1231.0,1396
12,2,2,15,1328.0,1392
12,2,2,16,1415.0,1392
12,2,2,17,1534.0,1392
12,2,2,18,1631.5,1392
12,2,2,19,1718.0,1391
12,2,2,20,1785.0,1388
12,2,2,21,1894.0,1388
12,2,2,22,2040.0,1387
12,2,2,23,2163.0,1375
12,2,2,24,2325.0,1373
12,2,2,25,2483.0,1371
12,2,2,26,2632.0,1370
12,2,2,27,2665.0,1363
12,2,2,28,2736.0,1358
12,2,2,29,2794.0,1350
12,2,2,30,2992.0,1349
12,2,2,31,3092.0,1347
12,2,2,32,3185.0,1345
12,2,2,33,3303.0,1345
12,2,2,34,3395.0,1344
12,2,2,35,3510.5,1344
12,2,2,36,3613.0,1329
12,2,2,37,3725.0,1319
12,2,2,38,3809.0,1309
12,2,2,39,3872.0,1263
12,2,2,40,4052.0,1253
12,2,2,41,4120.0,1243
12,2,2,42,4210.0,1241
12,2,2,43,4285.0,1214
12,2,2,44,4366.0,1026
12,2,2,45,4421.0,9
12,2,3,3,47.0,1463
12,2,3,4,133.0,1417
12,2,3,5,279.0,1414
12,2,3,6,346.0,1410
12,2,3,7,380.0,1406
12,2,3,8,456.0,1405
12,2,3,9,517.0,1405
12,2,3,10,645.0,1405
12,2,3,11,722.0,1404
12,2,3,12,791.0,1404
12,2,3,13,857.0,1403
12,2,3,14,973.0,1400
12,2,3,15,1070.0,1396
12,2,3,16,1160.0,1396
12,2,3,17,1275.0,1396
12,2,3,18,1370.5,1396
12,2,3,19,1460.0,1395
12,2,3,20,1531.0,1392
12,2,3,21,1634.0,1392
12,2,3,22,1780.0,1391
12,2,3,23,1904.0,1379
12,2,3,24,2065.0,1377
12,2,3,25,2231.0,1375
12,2,3,26,2381.0,1374
12,2,3,27,2408.0,1367
12,2,3,28,2482.0,1362
12,2,3,29,2539.0,1354
12,2,3,30,2732.0,1353
12,2,3,31,2830.5,1350
12,2,3,32,2925.5,1348
12,2,3,33,3039.5,1348
12,2,3,34,3129.0,1347
12,2,3,35,3253.0,1347
12,2,3,36,3350.0,1331
12,2,3,37,3460.0,1321
12,2,3,38,3542.0,1311
12,2,3,39,3608.0,1265
12,2,3,40,3792.0,1255
12,2,3,41,3864.0,1245
12,2,3,42,3948.0,1242
12,2,3,43,4022.0,1215
12,2,3,44,4107.5,1026
12,2,3,45,4173.0,9
12,2,4,4,64.0,1424
12,2,4,5,209.0,1421
12,2,4,6,278.0,1417
12,2,4,7,311.0,1411
12,2,4,8,388.0,1410
12,2,4,9,449.0,1410
12,2,4,10,577.5,1410
12,2,4,11,653.0,1409
12,2,4,12,724.0,1409
12,2,4,13,792.0,1408
12,2,4,14,905.0,1405
12,2,4,15,1002.0,1401
12,2,4,16,1092.0,1401
12,2,4,17,1207.0,1401
12,2,4,18,1305.0,1401
12,2,4,19,1392.5,1400
12,2,4,20,1461.0,1397
12,2,4,21,1567.0,1397
12,2,4,22,1713.0,1396
12,2,4,23,1835.5,1384
12,2,4,24,2001.5,1382
12,2,4,25,2163.5,1380
12,2,4,26,2310.0,1379
12,2,4,27,2341.0,1372
12,2,4,28,2416.0,1367
12,2,4,29,2472.0,1359
12,2,4,30,2663.0,1358
12,2,4,31,2759.0,1355
12,2,4,32,2856.0,1353
12,2,4,33,2971.0,1353
12,2,4,34,3064.5,1352
12,2,4,35,3185.0,1352
12,2,4,36,3284.0,1336
12,2,4,37,3393.0,1326
12,2,4,38,3474.0,1316
12,2,4,39,3538.0,1270
12,2,4,40,3725.5,1260
12,2,4,41,3794.5,1250
12,2,4,42,3880.0,1247
12,2,4,43,3949.0,1220
12,2,4,44,4037.0,1031
12,2,4,45,4101.0,9
12,2,5,5,127.0,1430
12,2,5,6,196.0,1426
12,2,5,7,227.0,1420
12,2,5,8,303.0,1419
12,2,5,9,365.0,1419
12,2,5,10,493.0,1419
12,2,5,11,569.0,1418
12,2,5,12,639.0,1418
12,2,5,13,707.0,1417
12,2,5,14,822.0,1414
12,2,5,15,917.0,1410
12,2,5,16,1006.5,1410
12,2,5,17,1126.5,1410
12,2,5,18,1222.0,1410
12,2,5,19,1307.0,1409
12,2,5,20,1378.0,1406
12,2,5,21,1486.0,1405
12,2,5,22,1628.0,1404
12,2,5,23,1749.0,1392
12,2,5,24,1914.5,1390
12,2,5,25,2074.5,1388
12,2,5,26,2224.0,1387
12,2,5,27,2256.0,1380
12,2,5,28,2330.0,1375
12,2,5,29,2385.0,1367
12,2,5,30,2575.0,1366
12,2,5,31,2669.0,1363
12,2,5,32,2771.0,1361
12,2,5,33,2889.0,1361
12,2,5,34,2976.5,1360
12,2,5,35,3095.0,1360
12,2,5,36,3198.5,1344
12,2,5,37,3303.0,1333
12,2,5,38,3387.0,1323
12,2,5,39,3454.0,1277
12,2,5,40,3641.0,1267
12,2,5,41,3707.0,1257
12,2,5,42,3795.0,1254
12,2,5,43,3874.0,1227
12,2,5,44,3954.0,1037
12,2,5,45,4013.0,9
12,2,6,6,46.0,1431
12,2,6,7,76.0,1425
12,2,6,8,153.0,1424
12,2,6,9,214.0,1424
12,2,6,10,343.0,1424
12,2,6,11,415.0,1423
12,2,6,12,485.0,1423
12,2,6,13,554.0,1422
12,2,6,14,671.0,1419
12,2,6,15,767.0,1415
12,2,6,16,857.0,1415
12,2,6,17,976.0,1415
12,2,6,18,1072.0,1415
12,2,6,19,1160.0,1414
12,2,6,20,1228.0,1411
12,2,6,21,1332.0,1410
12,2,6,22,1476.0,1409
12,2,6,23,1601.0,1397
12,2,6,24,1769.0,1395
12,2,6,25,1923.0,1393
12,2,6,26,2073.0,1392
12,2,6,27,2105.0,1385
12,2,6,28,2177.5,1380
12,2,6,29,2234.0,1372
12,2,6,30,2431.0,1371
12,2,6,31,2529.0,1368
12,2,6,32,2625.0,1366
12,2,6,33,2739.0,1366
12,2,6,34,2828.0,1365
12,2,6,35,2958.0,1365
12,2,6,36,3050.0,1349
12,2,6,37,3159.5,1338
12,2,6,38,3241.5,1328
12,2,6,39,3303.5,1282
12,2,6,40,3488.5,1272
12,2,6,41,3560.0,1262
12,2,6,42,3645.0,1259
12,2,6,43,3717.0,1232
12,2,6,44,3806.0,1041
12,2,6,45,3844.0,9
12,2,7,7,29.0,1434
12,2,7,8,106.0,1433
12,2,7,9,166.0,1433
12,2,7,10,295.0,1432
12,2,7,11,368.0,1431
12,2,7,12,437.0,1431
12,2,7,13,506.0,1430
12,2,7,14,622.0,1427
12,2,7,15,719.0,1423
12,2,7,16,810.0,1423
12,2,7,17,928.0,1423
12,2,7,18,1024.0,1423
12,2,7,19,1111.0,1422
12,2,7,20,1180.0,1419
12,2,7,21,1286.0,1418
12,2,7,22,1430.0,1417
12,2,7,23,1554.0,1405
12,2,7,24,1720.0,1403
12,2,7,25,1875.0,1401
12,2,7,26,2026.0,1400
12,2,7,27,2058.0,1393
12,2,7,28,2129.0,1388
12,2,7,29,2185.0,1380
12,2,7,30,2384.0,1379
12,2,7,31,2477.0,1376
12,2,7,32,2576.5,1374
12,2,7,33,2687.5,1374
12,2,7,34,2776.0,1373
12,2,7,35,2901.0,1373
12,2,7,36,3004.0,1357
12,2,7,37,3109.0,1346
12,2,7,38,3191.0,1336
12,2,7,39,3258.0,1290
12,2,7,40,3442.0,1280
12,2,7,41,3515.5,1270
12,2,7,42,3595.0,1267
12,2,7,43,3671.5,1240
12,2,7,44,3756.0,1049
12,2,7,45,3846.5,12
12,2,7,46,5226.5,2
12,2,8,8,73.0,1445
12,2,8,9,135.0,1445
12,2,8,10,264.0,1444
12,2,8,11,337.0,1443
12,2,8,12,406.0,1443
12,2,8,13,476.0,1442
12,2,8,14,591.0,1439
12,2,8,15,688.0,1435
12,2,8,16,783.0,1435
12,2,8,17,898.0,1435
12,2,8,18,994.0,1435
12,2,8,19,1080.5,1434
12,2,8,20,1152.0,1431
12,2,8,21,1257.0,1430
12,2,8,22,1399.0,1429
12,2,8,23,1520.0,1417
12,2,8,24,1688.0,1415
12,2,8,25,1843.0,1413
12,2,8,26,1993.5,1412
12,2,8,27,2025.5,1404
12,2,8,28,2100.0,1399
12,2,8,29,2154.0,1391
12,2,8,30,2351.5,1390
12,2,8,31,2447.0,1387
12,2,8,32,2542.0,1385
12,2,8,33,2653.0,1385
12,2,8,34,2744.0,1384
12,2,8,35,2866.0,1384
12,2,8,36,2969.0,1368
12,2,8,37,3078.0,1357
12,2,8,38,3158.0,1347
12,2,8,39,3227.0,1301
12,2,8,40,3407.0,1291
12,2,8,41,3486.0,1281
12,2,8,42,3568.0,1278
12,2,8,43,3643.5,1250
12,2,8,44,3728.0,1057
12,2,8,45,3912.0,17
12,2,8,46,4222.5,4
12,2,9,9,58.0,1455
12,2,9,10,183.0,1454
12,2,9,11,257.0,1453
12,2,9,12,327.0,1453
12,2,9,13,397.0,1452
12,2,9,14,511.0,1449
12,2,9,15,609.0,1445
12,2,9,16,700.0,1445
12,2,9,17,819.0,1445
12,2,9,18,912.0,1445
12,2,9,19,1002.5,1444
12,2,9,20,1073.0,1441
12,2,9,21,1176.5,1440
12,2,9,22,1318.0,1439
12,2,9,23,1440.0,1427
12,2,9,24,1605.0,1425
12,2,9,25,1760.0,1423
12,2,9,26,1909.0,1422
12,2,9,27,1945.0,1414
12,2,9,28,2016.0,1409
12,2,9,29,2074.0,1401
12,2,9,30,2268.0,1400
12,2,9,31,2365.0,1397
12,2,9,32,2456.0,1395
12,2,9,33,2574.0,1395
12,2,9,34,2665.0,1394
12,2,9,35,2783.5,1394
12,2,9,36,2888.0,1378
12,2,9,37,2997.0,1367
12,2,9,38,3080.0,1357
12,2,9,39,3151.0,1311
12,2,9,40,3337.0,1301
12,2,9,41,3403.0,1291
12,2,9,42,3489.0,1288
12,2,9,43,3560.5,1260
12,2,9,44,3644.0,1067
12,2,9,45,3875.0,25
12,2,9,46,4018.0,10
12,2,9,47,5147.0,1
12,2,10,10,94.0,1462
12,2,10,11,170.0,1461
12,2,10,12,239.0,1461
12,2,10,13,307.0,1460
12,2,10,14,422.0,1457
12,2,10,15,521.0,1453
12,2,10,16,612.0,1453
12,2,10,17,731.0,1453
12,2,10,18,826.0,1453
12,2,10,19,914.5,1452
12,2,10,20,981.0,1449
12,2,10,21,1087.5,1448
12,2,10,22,1229.0,1447
12,2,10,23,1348.0,1435
12,2,10,24,1515.0,1433
12,2,10,25,1668.0,1431
12,2,10,26,1818.0,1430
12,2,10,27,1858.5,1422
12,2,10,28,1930.0,1417
12,2,10,29,1988.0,1409
12,2,10,30,2179.0,1408
12,2,10,31,2277.0,1405
12,2,10,32,2370.0,1403
12,2,10,33,2484.0,1403
12,2,10,34,2570.0,1402
12,2,10,35,2691.5,1402
12,2,10,36,2796.5,1386
12,2,10,37,2907.0,1375
12,2,10,38,2988.0,1365
12,2,10,39,3064.0,1319
12,2,10,40,3246.0,1309
12,2,10,41,3317.0,1299
12,2,10,42,3403.0,1296
12,2,10,43,3471.5,1268
12,2,10,44,3560.5,1074
12,2,10,45,3775.0,31
12,2,10,46,3852.0,14
12,2,10,47,4017.0,1
12,2,11,11,54.0,1477
12,2,11,12,124.0,1477
12,2,11,13,192.0,1476
12,2,11,14,310.0,1473
12,2,11,15,405.0,1469
12,2,11,16,495.0,1469
12,2,11,17,616.0,1469
12,2,11,18,712.0,1469
12,2,11,19,797.0,1468
12,2,11,20,867.0,1465
12,2,11,21,975.0,1464
12,2,11,22,1117.0,1463
12,2,11,23,1237.0,1451
12,2,11,24,1395.0,1449
12,2,11,25,1553.0,1447
12,2,11,26,1704.0,1446
12,2,11,27,1746.0,1438
12,2,11,28,1818.0,1433
12,2,11,29,1877.0,1425
12,2,11,30,2066.5,1424
12,2,11,31,2162.0,1421
12,2,11,32,2260.0,1419
12,2,11,33,2371.5,1418
12,2,11,34,2462.0,1417
12,2,11,35,2579.0,1417
12,2,11,36,2687.0,1401
12,2,11,37,2793.0,1390
12,2,11,38,2876.5,1380
12,2,11,39,2951.0,1334
12,2,11,40,3128.0,1324
12,2,11,41,3203.0,1314
12,2,11,42,3292.0,1311
12,2,11,43,3366.0,1283
12,2,11,44,3450.0,1089
12,2,11,45,3739.0,45
12,2,11,46,3835.0,23
12,2,11,47,3948.0,1
12,2,12,12,49.0,1486
12,2,12,13,118.0,1485
12,2,12,14,235.0,1482
12,2,12,15,330.0,1478
12,2,12,16,420.0,1478
12,2,12,17,540.0,1478
12,2,12,18,638.0,1478
12,2,12,19,723.0,1477
12,2,12,20,794.0,1474
12,2,12,21,898.0,1473
12,2,12,22,1041.5,1472
12,2,12,23,1158.0,1460
12,2,12,24,1318.5,1458
12,2,12,25,1477.0,1456
12,2,12,26,1622.0,1455
12,2,12,27,1667.0,1447
12,2,12,28,1742.5,1442
12,2,12,29,1799.0,1434
12,2,12,30,1991.0,1433
12,2,12,31,2087.0,1430
12,2,12,32,2182.0,1428
12,2,12,33,2299.0,1427
12,2,12,34,2389.0,1426
12,2,12,35,2509.5,1426
12,2,12,36,2615.0,1410
12,2,12,37,2719.0,1399
12,2,12,38,2805.0,1389
12,2,12,39,2881.0,1343
12,2,12,40,3058.0,1333
12,2,12,41,3127.0,1323
12,2,12,42,3216.0,1320
12,2,12,43,3293.5,1292
12,2,12,44,3378.5,1098
12,2,12,45,3769.0,53
12,2,12,46,3883.0,29
12,2,12,47,4445.5,2
12,2,12,48,5076.0,1
12,2,12,49,5184.0,1
12,2,13,13,42.0,1492
12,2,13,14,159.0,1489
12,2,13,15,254.0,1485
12,2,13,16,346.0,1485
12,2,13,17,463.0,1485
12,2,13,18,565.0,1485
12,2,13,19,650.0,1484
12,2,13,20,720.0,1481
12,2,13,21,827.0,1480
12,2,13,22,968.0,1479
12,2,13,23,1082.0,1467
12,2,13,24,1242.0,1465
12,2,13,25,1403.0,1463
12,2,13,26,1550.0,1462
12,2,13,27,1585.0,1454
12,2,13,28,1666.0,1449
12,2,13,29,1726.0,1441
12,2,13,30,1917.5,1440
12,2,13,31,2016.0,1437
12,2,13,32,2109.0,1435
12,2,13,33,2225.0,1434
12,2,13,34,2319.0,1433
12,2,13,35,2436.0,1433
12,2,13,36,2539.0,1417
12,2,13,37,2642.0,1406
12,2,13,38,2726.0,1396
12,2,13,39,2809.0,1350
12,2,13,40,2983.5,1340
12,2,13,41,3056.0,1330
12,2,13,42,3145.0,1327
12,2,13,43,3223.0,1299
12,2,13,44,3305.0,1105
12,2,13,45,3668.0,59
12,2,13,46,3711.0,33
12,2,13,47,3712.0,3
12,2,13,48,3691.0,1
12,2,13,49,3799.0,1
12,2,14,14,84.0,1491
12,2,14,15,183.0,1487
12,2,14,16,274.0,1487
12,2,14,17,389.0,1487
12,2,14,18,492.0,1487
12,2,14,19,579.0,1486
12,2,14,20,650.0,1483
12,2,14,21,755.0,1482
12,2,14,22,895.0,1481
12,2,14,23,1009.0,1469
12,2,14,24,1170.0,1467
12,2,14,25,1328.0,1465
12,2,14,26,1477.5,1464
12,2,14,27,1519.0,1456
12,2,14,28,1596.0,1451
12,2,14,29,1653.0,1443
12,2,14,30,1844.0,1442
12,2,14,31,1942.0,1439
12,2,14,32,2037.0,1437
12,2,14,33,2150.5,1436
12,2,14,34,2239.0,1435
12,2,14,35,2362.0,1435
12,2,14,36,2467.0,1419
12,2,14,37,2570.5,1408
12,2,14,38,2660.0,1398
12,2,14,39,2734.5,1352
12,2,14,40,2916.0,1342
12,2,14,41,2984.0,1332
12,2,14,42,3074.0,1329
12,2,14,43,3147.0,1301
12,2,14,44,3237.0,1107
12,2,14,45,3597.0,60
12,2,14,46,3637.0,34
12,2,14,47,3661.0,3
12,2,14,48,3635.0,1
12,2,14,49,3743.0,1
12,2,15,15,72.0,1492
12,2,15,16,160.0,1492
12,2,15,17,279.5,1492
12,2,15,18,375.0,1492
12,2,15,19,465.0,1491
12,2,15,20,534.0,1488
12,2,15,21,640.0,1487
12,2,15,22,781.0,1486
12,2,15,23,896.0,1474
12,2,15,24,1054.5,1472
12,2,15,25,1219.0,1470
12,2,15,26,1369.0,1469
12,2,15,27,1408.0,1461
12,2,15,28,1481.5,1456
12,2,15,29,1544.0,1448
12,2,15,30,1738.0,1447
12,2,15,31,1833.5,1444
12,2,15,32,1930.5,1442
12,2,15,33,2043.0,1441
12,2,15,34,2136.0,1439
12,2,15,35,2252.0,1439
12,2,15,36,2352.0,1423
12,2,15,37,2457.0,1411
12,2,15,38,2545.0,1401
12,2,15,39,2627.0,1355
12,2,15,40,2809.0,1345
12,2,15,41,2874.0,1335
12,2,15,42,2967.0,1332
12,2,15,43,3038.0,1304
12,2,15,44,3129.0,1110
12,2,15,45,3543.0,63
12,2,15,46,3562.0,37
12,2,15,47,4008.0,5
12,2,15,48,3558.0,1
12,2,15,49,3666.0,1
12,2,16,16,69.0,1500
12,2,16,17,181.0,1500
12,2,16,18,280.5,1500
12,2,16,19,369.0,1499
12,2,16,20,439.0,1496
12,2,16,21,544.0,1495
12,2,16,22,686.0,1494
12,2,16,23,799.0,1482
12,2,16,24,958.5,1480
12,2,16,25,1125.0,1478
12,2,16,26,1275.0,1477
12,2,16,27,1313.0,1468
12,2,16,28,1386.0,1463
12,2,16,29,1446.0,1455
12,2,16,30,1638.0,1454
12,2,16,31,1737.0,1451
12,2,16,32,1834.0,1449
12,2,16,33,1949.5,1448
12,2,16,34,2041.0,1446
12,2,16,35,2160.5,1446
12,2,16,36,2263.0,1430
12,2,16,37,2367.0,1418
12,2,16,38,2453.0,1408
12,2,16,39,2532.0,1362
12,2,16,40,2707.5,1352
12,2,16,41,2781.0,1342
12,2,16,42,2872.0,1339
12,2,16,43,2946.0,1311
12,2,16,44,3035.0,1117
12,2,16,45,3409.0,69
12,2,16,46,3537.0,41
12,2,16,47,3728.0,7
12,2,16,48,3443.0,3
12,2,16,49,3551.0,3
12,2,16,50,4160.0,2
12,2,16,51,4932.0,1
12,2,16,52,5072.0,1
12,2,16,53,5132.0,1
12,2,16,54,5263.0,1
12,2,16,55,5363.0,1
12,2,16,56,5441.0,1
12,2,17,17,91.0,1501
12,2,17,18,186.0,1501
12,2,17,19,275.0,1500
12,2,17,20,348.0,1497
12,2,17,21,451.0,1496
12,2,17,22,592.0,1495
12,2,17,23,703.0,1483
12,2,17,24,864.0,1481
12,2,17,25,1031.0,1479
12,2,17,26,1175.0,1478
12,2,17,27,1217.0,1469
12,2,17,28,1290.5,1464
12,2,17,29,1350.0,1456
12,2,17,30,1544.0,1455
12,2,17,31,1644.0,1452
12,2,17,32,1741.0,1450
12,2,17,33,1850.0,1449
12,2,17,34,1943.0,1447
12,2,17,35,2065.0,1447
12,2,17,36,2164.0,1431
12,2,17,37,2274.0,1419
12,2,17,38,2355.0,1409
12,2,17,39,2435.0,1363
12,2,17,40,2617.0,1353
12,2,17,41,2686.0,1343
12,2,17,42,2776.5,1340
12,2,17,43,2849.0,1312
12,2,17,44,2940.5,1118
12,2,17,45,3242.5,70
12,2,17,46,3340.0,42
12,2,17,47,3254.0,8
12,2,17,48,3248.5,4
12,2,17,49,3341.0,4
12,2,17,50,3412.0,3
12,2,17,51,3392.0,2
12,2,17,52,3524.0,2
12,2,17,53,3584.5,2
12,2,17,54,3684.0,2
12,2,17,55,3988.0,1
12,2,17,56,4066.0,1
12,2,18,18,75.0,1501
12,2,18,19,168.0,1500
12,2,18,20,238.0,1497
12,2,18,21,342.0,1496
12,2,18,22,482.0,1495
12,2,18,23,594.0,1483
12,2,18,24,754.0,1481
12,2,18,25,914.0,1479
12,2,18,26,1065.0,1478
12,2,18,27,1104.0,1469
12,2,18,28,1182.0,1464
12,2,18,29,1240.0,1456
12,2,18,30,1430.0,1455
12,2,18,31,1528.5,1452
12,2,18,32,1628.0,1450
12,2,18,33,1744.0,1449
12,2,18,34,1834.0,1447
12,2,18,35,1951.0,1447
12,2,18,36,2053.0,1431
12,2,18,37,2161.0,1419
12,2,18,38,2247.0,1409
12,2,18,39,2330.0,1363
12,2,18,40,2510.0,1353
12,2,18,41,2580.0,1343
12,2,18,42,2661.5,1340
12,2,18,43,2740.0,1312
12,2,18,44,2820.5,1118
12,2,18,45,3119.0,70
12,2,18,46,3222.0,42
12,2,18,47,3153.5,8
12,2,18,48,3158.5,4
12,2,18,49,3251.0,4
12,2,18,50,3309.0,3
12,2,18,51,3324.5,2
12,2,18,52,3456.5,2
12,2,18,53,3517.0,2
12,2,18,54,3616.5,2
12,2,18,55,3911.0,1
12,2,18,56,3989.0,1
12,2,19,19,47.0,1500
12,2,19,20,122.0,1497
12,2,19,21,233.0,1496
12,2,19,22,371.0,1495
12,2,19,23,484.0,1483
12,2,19,24,643.0,1481
12,2,19,25,799.0,1479
12,2,19,26,953.5,1478
12,2,19,27,992.0,1469
12,2,19,28,1065.5,1464
12,2,19,29,1126.0,1456
12,2,19,30,1317.0,1455
12,2,19,31,1418.5,1452
12,2,19,32,1516.0,1450
12,2,19,33,1630.0,1449
12,2,19,34,1721.0,1447
12,2,19,35,1843.0,1447
12,2,19,36,1937.0,1431
12,2,19,37,2050.0,1419
12,2,19,38,2138.0,1409
12,2,19,39,2218.0,1363
12,2,19,40,2396.0,1353
12,2,19,41,2470.0,1343
12,2,19,42,2560.0,1340
12,2,19,43,2629.0,1312
12,2,19,44,2720.0,1118
12,2,19,45,3015.0,70
12,2,19,46,3076.5,42
12,2,19,47,2946.5,8
12,2,19,48,2907.0,4
12,2,19,49,2966.0,4
12,2,19,50,3179.0,3
12,2,19,51,3227.0,2
12,2,19,52,3359.0,2
12,2,19,53,3419.5,2
12,2,19,54,3519.0,2
12,2,19,55,3818.0,1
12,2,19,56,3896.0,1
12,2,20,20,40.0,1498
12,2,20,21,140.0,1497
12,2,20,22,283.0,1496
12,2,20,23,393.0,1484
12,2,20,24,553.0,1482
12,2,20,25,711.0,1480
12,2,20,26,859.0,1479
12,2,20,27,897.5,1470
12,2,20,28,970.0,1465
12,2,20,29,1037.0,1457
12,2,20,30,1226.0,1456
12,2,20,31,1328.0,1453
12,2,20,32,1422.0,1451
12,2,20,33,1538.5,1450
12,2,20,34,1623.5,1448
12,2,20,35,1747.0,1448
12,2,20,36,1849.0,1432
12,2,20,37,1954.0,1419
12,2,20,38,2037.0,1409
12,2,20,39,2127.0,1363
12,2,20,40,2314.0,1353
12,2,20,41,2381.0,1343
12,2,20,42,2466.0,1340
12,2,20,43,2543.0,1312
12,2,20,44,2628.0,1118
12,2,20,45,2871.5,70
12,2,20,46,2950.5,42
12,2,20,47,2846.5,8
12,2,20,48,2780.0,4
12,2,20,49,2868.0,4
12,2,20,50,3136.0,3
12,2,20,51,3067.0,2
12,2,20,52,3199.0,2
12,2,20,53,3259.5,2
12,2,20,54,3359.0,2
12,2,20,55,3656.0,1
12,2,20,56,3734.0,1
12,2,21,21,70.0,1500
12,2,21,22,213.0,1499
12,2,21,23,321.0,1487
12,2,21,24,484.0,1485
12,2,21,25,640.0,1483
12,2,21,26,790.0,1482
12,2,21,27,825.0,1473
12,2,21,28,903.5,1468
12,2,21,29,958.0,1460
12,2,21,30,1151.0,1459
12,2,21,31,1256.0,1456
12,2,21,32,1349.0,1454
12,2,21,33,1463.0,1453
12,2,21,34,1550.0,1451
12,2,21,35,1671.0,1451
12,2,21,36,1776.0,1434
12,2,21,37,1883.0,1421
12,2,21,38,1971.0,1411
12,2,21,39,2053.0,1365
12,2,21,40,2248.0,1354
12,2,21,41,2315.0,1344
12,2,21,42,2403.0,1341
12,2,21,43,2475.0,1313
12,2,21,44,2564.0,1119
12,2,21,45,2780.0,70
12,2,21,46,2886.5,42
12,2,21,47,2814.5,8
12,2,21,48,2739.5,4
12,2,21,49,2829.0,4
12,2,21,50,3097.0,3
12,2,21,51,3026.5,2
12,2,21,52,3158.5,2
12,2,21,53,3219.0,2
12,2,21,54,3318.5,2
12,2,21,55,3617.0,1
12,2,21,56,3695.0,1
12,2,22,22,108.0,1500
12,2,22,23,214.0,1487
12,2,22,24,370.0,1485
12,2,22,25,530.0,1483
12,2,22,26,685.0,1482
12,2,22,27,721.0,1473
12,2,22,28,796.0,1468
12,2,22,29,847.5,1460
12,2,22,30,1047.0,1459
12,2,22,31,1152.5,1456
12,2,22,32,1245.0,1454
12,2,22,33,1361.0,1453
12,2,22,34,1451.0,1451
12,2,22,35,1569.0,1451
12,2,22,36,1671.5,1434
12,2,22,37,1780.0,1421
12,2,22,38,1868.0,1411
12,2,22,39,1952.0,1365
12,2,22,40,2138.0,1354
12,2,22,41,2207.0,1344
12,2,22,42,2295.0,1341
12,2,22,43,2366.0,1313
12,2,22,44,2448.0,1119
12,2,22,45,2614.5,70
12,2,22,46,2603.0,42
12,2,22,47,2624.5,8
12,2,22,48,2585.5,4
12,2,22,49,2644.5,4
12,2,22,50,2764.0,3
12,2,22,51,2999.0,2
12,2,22,52,3131.0,2
12,2,22,53,3191.5,2
12,2,22,54,3291.0,2
12,2,22,55,3588.0,1
12,2,22,56,3666.0,1
12,2,23,23,70.0,1488
12,2,23,24,227.0,1486
12,2,23,25,382.5,1484
12,2,23,26,537.0,1483
12,2,23,27,574.0,1474
12,2,23,28,649.0,1469
12,2,23,29,709.0,1461
12,2,23,30,899.0,1460
12,2,23,31,1005.0,1457
12,2,23,32,1102.0,1455
12,2,23,33,1212.0,1454
12,2,23,34,1302.5,1452
12,2,23,35,1419.5,1452
12,2,23,36,1528.0,1435
12,2,23,37,1634.5,1422
12,2,23,38,1723.0,1412
12,2,23,39,1806.0,1365
12,2,23,40,1984.0,1354
12,2,23,41,2049.5,1344
12,2,23,42,2139.0,1341
12,2,23,43,2221.0,1313
12,2,23,44,2306.0,1119
12,2,23,45,2481.0,70
12,2,23,46,2551.0,42
12,2,23,47,2469.5,8
12,2,23,48,2435.0,4
12,2,23,49,2494.0,4
12,2,23,50,2697.0,3
12,2,23,51,2760.0,2
12,2,23,52,2892.0,2
12,2,23,53,2952.5,2
12,2,23,54,3052.0,2
12,2,23,55,3346.0,1
12,2,23,56,3424.0,1
12,2,24,24,118.0,1499
12,2,24,25,269.0,1497
12,2,24,26,422.0,1496
12,2,24,27,459.0,1487
12,2,24,28,534.0,1482
12,2,24,29,589.0,1474
12,2,24,30,777.0,1473
12,2,24,31,879.5,1470
12,2,24,32,978.0,1468
12,2,24,33,1085.0,1467
12,2,24,34,1180.0,1465
12,2,24,35,1300.0,1465
12,2,24,36,1397.0,1448
12,2,24,37,1508.0,1429
12,2,24,38,1597.5,1418
12,2,24,39,1681.0,1368
12,2,24,40,1854.0,1357
12,2,24,41,1920.0,1347
12,2,24,42,2018.0,1343
12,2,24,43,2095.0,1315
12,2,24,44,2207.0,1119
12,2,24,45,2384.5,70
12,2,24,46,2430.0,42
12,2,24,47,2406.5,8
12,2,24,48,2364.0,4
12,2,24,49,2423.0,4
12,2,24,50,2627.0,3
12,2,24,51,2696.0,2
12,2,24,52,2828.0,2
12,2,24,53,2888.5,2
12,2,24,54,2988.0,2
12,2,24,55,3290.0,1
12,2,24,56,3368.0,1
12,2,25,25,112.0,1499
12,2,25,26,263.0,1498
12,2,25,27,295.0,1489
12,2,25,28,375.0,1484
12,2,25,29,424.0,1476
12,2,25,30,612.0,1475
12,2,25,31,714.5,1472
12,2,25,32,810.5,1470
12,2,25,33,926.0,1469
12,2,25,34,1016.0,1467
12,2,25,35,1135.0,1467
12,2,25,36,1234.0,1450
12,2,25,37,1344.0,1431
12,2,25,38,1434.0,1419
12,2,25,39,1513.0,1369
12,2,25,40,1690.0,1358
12,2,25,41,1755.5,1348
12,2,25,42,1853.0,1344
12,2,25,43,1934.0,1316
12,2,25,44,2041.0,1120
12,2,25,45,2288.0,71
12,2,25,46,2350.5,42
12,2,25,47,2282.0,8
12,2,25,48,2228.5,4
12,2,25,49,2287.5,4
12,2,25,50,2440.0,3
12,2,25,51,2623.0,2
12,2,25,52,2755.0,2
12,2,25,53,2815.5,2
12,2,25,54,2915.0,2
12,2,25,55,3228.0,1
12,2,25,56,3306.0,1
12,2,26,26,116.5,1500
12,2,26,27,149.0,1491
12,2,26,28,227.0,1486
12,2,26,29,270.0,1478
12,2,26,30,465.0,1477
12,2,26,31,568.5,1474
12,2,26,32,664.0,1472
12,2,26,33,783.0,1471
12,2,26,34,872.0,1469
12,2,26,35,989.0,1469
12,2,26,36,1089.0,1452
12,2,26,37,1196.0,1433
12,2,26,38,1282.0,1421
12,2,26,39,1366.0,1369
12,2,26,40,1539.0,1358
12,2,26,41,1605.0,1348
12,2,26,42,1695.5,1344
12,2,26,43,1778.5,1316
12,2,26,44,1880.0,1120
12,2,26,45,2175.0,71
12,2,26,46,2246.0,42
12,2,26,47,2195.5,8
12,2,26,48,2145.0,4
12,2,26,49,2204.0,4
12,2,26,50,2329.0,3
12,2,26,51,2564.0,2
12,2,26,52,2696.0,2
12,2,26,53,2756.5,2
12,2,26,54,2856.0,2
12,2,26,55,3166.0,1
12,2,26,56,3244.0,1
12,2,27,27,14.0,1492
12,2,27,28,91.0,1487
12,2,27,29,128.0,1479
12,2,27,30,340.0,1478
12,2,27,31,441.0,1475
12,2,27,32,539.0,1473
12,2,27,33,650.0,1472
12,2,27,34,744.0,1470
12,2,27,35,862.0,1470
12,2,27,36,963.0,1453
12,2,27,37,1070.0,1434
12,2,27,38,1154.0,1422
12,2,27,39,1231.5,1370
12,2,27,40,1402.0,1359
12,2,27,41,1474.0,1349
12,2,27,42,1562.0,1345
12,2,27,43,1641.0,1317
12,2,27,44,1736.5,1120
12,2,27,45,1911.0,71
12,2,27,46,2129.5,42
12,2,27,47,2098.5,8
12,2,27,48,2071.0,4
12,2,27,49,2130.0,4
12,2,27,50,2253.0,3
12,2,27,51,2469.0,2
12,2,27,52,2601.0,2
12,2,27,53,2661.5,2
12,2,27,54,2761.0,2
12,2,27,55,3048.0,1
12,2,27,56,3126.0,1
12,2,28,28,45.0,1495
12,2,28,29,82.0,1487
12,2,28,30,285.0,1486
12,2,28,31,386.0,1483
12,2,28,32,483.0,1480
12,2,28,33,591.0,1479
12,2,28,34,684.0,1477
12,2,28,35,805.0,1477
12,2,28,36,904.0,1460
12,2,28,37,1014.0,1441
12,2,28,38,1100.0,1429
12,2,28,39,1183.0,1377
12,2,28,40,1349.5,1366
12,2,28,41,1419.0,1355
12,2,28,42,1509.5,1350
12,2,28,43,1589.5,1322
12,2,28,44,1683.5,1124
12,2,28,45,1708.0,71
12,2,28,46,1840.0,42
12,2,28,47,2004.5,8
12,2,28,48,1988.5,4
12,2,28,49,2047.5,4
12,2,28,50,2181.0,3
12,2,28,51,2364.5,2
12,2,28,52,2496.5,2
12,2,28,53,2557.0,2
12,2,28,54,2656.5,2
12,2,28,55,2932.0,1
12,2,28,56,3010.0,1
12,2,29,29,11.0,1492
12,2,29,30,220.0,1491
12,2,29,31,323.0,1488
12,2,29,32,417.0,1485
12,2,29,33,527.0,1484
12,2,29,34,618.0,1482
12,2,29,35,735.0,1482
12,2,29,36,840.0,1465
12,2,29,37,950.0,1446
12,2,29,38,1037.5,1434
12,2,29,39,1119.5,1382
12,2,29,40,1287.0,1371
12,2,29,41,1360.5,1360
12,2,29,42,1450.0,1355
12,2,29,43,1528.0,1327
12,2,29,44,1616.0,1127
12,2,29,45,1616.0,73
12,2,29,46,1709.0,42
12,2,29,47,1840.5,8
12,2,29,48,1897.0,4
12,2,29,49,1956.0,4
12,2,29,50,2103.0,3
12,2,29,51,2285.0,2
12,2,29,52,2417.0,2
12,2,29,53,2477.5,2
12,2,29,54,2577.0,2
12,2,29,55,2821.0,1
12,2,29,56,2899.0,1
12,2,30,30,155.0,1499
12,2,30,31,254.0,1496
12,2,30,32,346.0,1493
12,2,30,33,459.5,1492
12,2,30,34,542.5,1490
12,2,30,35,668.0,1490
12,2,30,36,767.0,1473
12,2,30,37,875.0,1454
12,2,30,38,967.0,1442
12,2,30,39,1052.0,1390
12,2,30,40,1217.0,1379
12,2,30,41,1285.0,1368
12,2,30,42,1375.0,1363
12,2,30,43,1454.0,1335
12,2,30,44,1571.0,1135
12,2,30,45,1556.0,73
12,2,30,46,1653.5,42
12,2,30,47,1743.5,8
12,2,30,48,1808.5,4
12,2,30,49,1867.5,4
12,2,30,50,1991.0,3
12,2,30,51,2181.5,2
12,2,30,52,2313.5,2
12,2,30,53,2374.0,2
12,2,30,54,2473.5,2
12,2,30,55,2726.0,1
12,2,30,56,2804.0,1
12,2,31,31,63.0,1498
12,2,31,32,159.0,1495
12,2,31,33,274.0,1494
12,2,31,34,364.0,1492
12,2,31,35,481.0,1492
12,2,31,36,582.0,1475
12,2,31,37,691.0,1456
12,2,31,38,778.0,1444
12,2,31,39,857.0,1392
12,2,31,40,1026.0,1381
12,2,31,41,1094.0,1370
12,2,31,42,1185.0,1365
12,2,31,43,1263.0,1337
12,2,31,44,1364.0,1137
12,2,31,45,1506.5,74
12,2,31,46,1604.0,42
12,2,31,47,1691.5,8
12,2,31,48,1698.0,4
12,2,31,49,1757.0,4
12,2,31,50,1931.0,3
12,2,31,51,2117.0,2
12,2,31,52,2249.0,2
12,2,31,53,2309.5,2
12,2,31,54,2409.0,2
12,2,31,55,2657.0,1
12,2,31,56,2735.0,1
12,2,32,32,58.0,1498
12,2,32,33,175.0,1497
12,2,32,34,264.0,1495
12,2,32,35,384.0,1495
12,2,32,36,482.0,1478
12,2,32,37,594.0,1459
12,2,32,38,679.0,1447
12,2,32,39,759.0,1395
12,2,32,40,924.5,1384
12,2,32,41,996.0,1373
12,2,32,42,1089.0,1368
12,2,32,43,1167.0,1340
12,2,32,44,1263.0,1140
12,2,32,45,1395.5,74
12,2,32,46,1523.5,42
12,2,32,47,1622.0,8
12,2,32,48,1485.5,4
12,2,32,49,1544.5,4
12,2,32,50,1877.0,3
12,2,32,51,2040.5,2
12,2,32,52,2172.5,2
12,2,32,53,2233.0,2
12,2,32,54,2332.5,2
12,2,32,55,2558.0,1
12,2,32,56,2636.0,1
12,2,33,33,74.0,1500
12,2,33,34,168.0,1498
12,2,33,35,289.0,1498
12,2,33,36,387.0,1481
12,2,33,37,497.0,1462
12,2,33,38,586.0,1450
12,2,33,39,663.0,1397
12,2,33,40,828.0,1386
12,2,33,41,898.0,1375
12,2,33,42,990.5,1370
12,2,33,43,1071.0,1342
12,2,33,44,1171.0,1142
12,2,33,45,1290.0,76
12,2,33,46,1399.5,42
12,2,33,47,1573.0,8
12,2,33,48,1427.5,4
12,2,33,49,1486.5,4
12,2,33,50,1829.0,3
12,2,33,51,1977.5,2
12,2,33,52,2109.5,2
12,2,33,53,2170.0,2
12,2,33,54,2269.5,2
12,2,33,55,2480.0,1
12,2,33,56,2558.0,1
12,2,34,34,51.0,1499
12,2,34,35,179.0,1499
12,2,34,36,276.0,1482
12,2,34,37,388.0,1463
12,2,34,38,474.0,1451
12,2,34,39,552.0,1398
12,2,34,40,714.0,1387
12,2,34,41,788.0,1376
12,2,34,42,877.0,1371
12,2,34,43,958.0,1343
12,2,34,44,1054.0,1143
12,2,34,45,1194.0,77
12,2,34,46,1318.0,43
12,2,34,47,1430.5,8
12,2,34,48,1364.5,4
12,2,34,49,1423.5,4
12,2,34,50,1734.0,3
12,2,34,51,1875.0,2
12,2,34,52,2007.0,2
12,2,34,53,2067.5,2
12,2,34,54,2167.0,2
12,2,34,55,2370.0,1
12,2,34,56,2448.0,1
12,2,35,35,93.0,1501
12,2,35,36,186.0,1484
12,2,35,37,296.0,1465
12,2,35,38,386.0,1453
12,2,35,39,467.0,1400
12,2,35,40,631.0,1389
12,2,35,41,701.0,1378
12,2,35,42,788.0,1373
12,2,35,43,868.0,1345
12,2,35,44,972.0,1145
12,2,35,45,1073.5,78
12,2,35,46,1204.5,44
12,2,35,47,1407.0,9
12,2,35,48,1319.0,4
12,2,35,49,1378.0,4
12,2,35,50,1689.0,3
12,2,35,51,1802.5,2
12,2,35,52,1934.5,2
12,2,35,53,1995.0,2
12,2,35,54,2094.5,2
12,2,35,55,2270.0,1
12,2,35,56,2348.0,1
12,2,36,36,64.0,1484
12,2,36,37,172.0,1465
12,2,36,38,258.0,1453
12,2,36,39,338.0,1400
12,2,36,40,502.0,1389
12,2,36,41,570.0,1378
12,2,36,42,660.0,1373
12,2,36,43,740.0,1345
12,2,36,44,837.0,1145
12,2,36,45,970.0,78
12,2,36,46,1069.0,44
12,2,36,47,1181.0,9
12,2,36,48,1072.5,4
12,2,36,49,1131.5,4
12,2,36,50,1250.0,3
12,2,36,51,1550.5,2
12,2,36,52,1682.5,2
12,2,36,53,1743.0,2
12,2,36,54,1842.5,2
12,2,36,55,2205.0,1
12,2,36,56,2283.0,1
12,2,37,37,70.0,1465
12,2,37,38,159.0,1453
12,2,37,39,239.0,1400
12,2,37,40,402.0,1389
12,2,37,41,473.0,1378
12,2,37,42,562.0,1373
12,2,37,43,640.0,1345
12,2,37,44,742.0,1145
12,2,37,45,862.5,78
12,2,37,46,984.5,44
12,2,37,47,1091.0,9
12,2,37,48,970.5,4
12,2,37,49,1029.5,4
12,2,37,50,1185.0,3
12,2,37,51,1467.0,2
12,2,37,52,1599.0,2
12,2,37,53,1659.5,2
12,2,37,54,1759.0,2
12,2,37,55,2103.0,1
12,2,37,56,2181.0,1
12,2,38,38,51.0,1453
12,2,38,39,125.0,1400
12,2,38,40,293.0,1389
12,2,38,41,364.0,1378
12,2,38,42,452.0,1373
12,2,38,43,531.0,1345
12,2,38,44,626.0,1145
12,2,38,45,756.0,78
12,2,38,46,873.5,44
12,2,38,47,995.0,9
12,2,38,48,906.5,4
12,2,38,49,965.5,4
12,2,38,50,1112.0,3
12,2,38,51,1351.5,2
12,2,38,52,1483.5,2
12,2,38,53,1544.0,2
12,2,38,54,1643.5,2
12,2,38,55,1945.0,1
12,2,38,56,2023.0,1
12,2,39,39,34.0,1401
12,2,39,40,211.0,1390
12,2,39,41,280.0,1379
12,2,39,42,368.0,1374
12,2,39,43,450.0,1346
12,2,39,44,537.5,1146
12,2,39,45,648.0,78
12,2,39,46,754.5,44
12,2,39,47,860.0,9
12,2,39,48,860.5,4
12,2,39,49,919.5,4
12,2,39,50,1081.0,3
12,2,39,51,1264.0,2
12,2,39,52,1396.0,2
12,2,39,53,1456.5,2
12,2,39,54,1556.0,2
12,2,39,55,1801.0,1
12,2,39,56,1879.0,1
12,2,40,40,132.0,1390
12,2,40,41,198.0,1379
12,2,40,42,289.5,1374
12,2,40,43,366.0,1346
12,2,40,44,474.5,1146
12,2,40,45,543.0,78
12,2,40,46,626.5,44
12,2,40,47,777.0,9
12,2,40,48,788.0,4
12,2,40,49,847.0,4
12,2,40,50,1015.0,3
12,2,40,51,1198.0,2
12,2,40,52,1330.0,2
12,2,40,53,1390.5,2
12,2,40,54,1490.0,2
12,2,40,55,1735.0,1
12,2,40,56,1813.0,1
12,2,41,41,38.0,1379
12,2,41,42,129.0,1374
12,2,41,43,208.0,1346
12,2,41,44,296.0,1146
12,2,41,45,458.0,78
12,2,41,46,530.5,44
12,2,41,47,690.0,9
12,2,41,48,705.0,4
12,2,41,49,764.0,4
12,2,41,50,919.0,3
12,2,41,51,1110.0,2
12,2,41,52,1242.0,2
12,2,41,53,1302.5,2
12,2,41,54,1402.0,2
12,2,41,55,1655.0,1
12,2,41,56,1733.0,1
12,2,42,42,59.0,1375
12,2,42,43,145.0,1346
12,2,42,44,225.0,1146
12,2,42,45,332.5,78
12,2,42,46,450.0,44
12,2,42,47,515.0,9
12,2,42,48,592.0,4
12,2,42,49,651.0,4
12,2,42,50,797.0,3
12,2,42,51,1028.0,2
12,2,42,52,1160.0,2
12,2,42,53,1220.5,2
12,2,42,54,1320.0,2
12,2,42,55,1613.0,1
12,2,42,56,1691.0,1
12,2,43,43,47.0,1346
12,2,43,44,137.0,1146
12,2,43,45,219.0,78
12,2,43,46,311.0,44
12,2,43,47,457.0,9
12,2,43,48,523.0,4
12,2,43,49,582.0,4
12,2,43,50,739.0,3
12,2,43,51,915.0,2
12,2,43,52,1047.0,2
12,2,43,53,1107.5,2
12,2,43,54,1207.0,2
12,2,43,55,1445.0,1
12,2,43,56,1523.0,1
12,2,44,44,60.0,1148
12,2,44,45,145.0,78
12,2,44,46,237.5,44
12,2,44,47,314.0,9
12,2,44,48,413.5,4
12,2,44,49,472.5,4
12,2,44,50,596.0,3
12,2,44,51,790.5,2
12,2,44,52,922.5,2
12,2,44,53,983.0,2
12,2,44,54,1082.5,2
12,2,44,55,1339.0,1
12,2,44,56,1417.0,1
12,2,45,45,58.0,78
12,2,45,46,151.5,44
12,2,45,47,256.0,9
12,2,45,48,346.5,4
12,2,45,49,415.0,4
12,2,45,50,531.0,3
12,2,45,51,713.0,2
12,2,45,52,845.0,2
12,2,45,53,905.5,2
12,2,45,54,1005.0,2
12,2,45,55,1249.0,1
12,2,45,56,1327.0,1
12,2,46,46,66.5,44
12,2,46,47,174.0,9
12,2,46,48,256.5,4
12,2,46,49,315.5,4
12,2,46,50,447.0,3
12,2,46,51,596.0,2
12,2,46,52,728.0,2
12,2,46,53,788.5,2
12,2,46,54,888.0,2
12,2,46,55,1125.0,1
12,2,46,56,1203.0,1
12,2,47,47,81.0,9
12,2,47,48,142.0,4
12,2,47,49,223.5,4
12,2,47,50,330.0,3
12,2,47,51,477.5,2
12,2,47,52,609.5,2
12,2,47,53,670.0,2
12,2,47,54,769.5,2
12,2,47,55,979.0,1
12,2,47,56,1057.0,1
12,2,48,48,60.5,4
12,2,48,49,146.0,4
12,2,48,50,264.0,3
12,2,48,51,347.5,2
12,2,48,52,479.5,2
12,2,48,53,540.0,2
12,2,48,54,639.5,2
12,2,48,55,784.0,1
12,2,48,56,862.0,1
12,2,49,49,59.0,4
12,2,49,50,166.0,3
12,2,49,51,257.5,2
12,2,49,52,389.5,2
12,2,49,53,450.0,2
12,2,49,54,549.5,2
12,2,49,55,703.0,1
12,2,49,56,781.0,1
12,2,50,50,74.0,3
12,2,50,51,177.5,2
12,2,50,52,309.5,2
12,2,50,53,370.0,2
12,2,50,54,469.5,2
12,2,50,55,594.0,1
12,2,50,56,672.0,1
12,2,51,51,54.0,2
12,2,51,52,186.0,2
12,2,51,53,246.5,2
12,2,51,54,346.0,2
12,2,51,55,489.0,1
12,2,51,56,567.0,1
12,2,52,52,107.5,2
12,2,52,53,168.0,2
12,2,52,54,267.5,2
12,2,52,55,409.0,1
12,2,52,56,487.0,1
12,2,53,53,35.5,2
12,2,53,54,135.0,2
12,2,53,55,262.0,1
12,2,53,56,340.0,1
12,2,54,54,73.5,2
12,2,54,55,206.0,1
12,2,54,56,284.0,1
12,2,55,55,78.0,1
12,2,55,56,156.0,1
12,2,56,56,49.0,1
46,1,2,2,92.0,2598
46,1,2,3,142.0,2468
46,1,2,4,186.5,2362
46,1,2,5,258.0,2347
46,1,2,6,432.5,2346
46,1,2,7,496.0,2345
46,1,2,8,583.0,2344
46,1,2,9,690.0,2344
46,1,2,10,750.0,2340
46,1,2,11,797.0,2331
46,1,2,12,847.0,2327
46,1,2,13,892.0,2324
46,1,2,14,945.0,2322
46,1,2,15,1009.0,2322
46,1,2,16,1097.5,2322
46,1,2,17,1249.0,2321
46,1,2,18,1560.0,2319
46,1,2,19,1693.0,2319
46,1,2,20,1826.0,2317
46,1,2,21,1914.0,2314
46,1,2,22,2019.0,2305
46,1,2,23,2158.0,2298
46,1,2,24,2319.0,2293
46,1,2,25,2419.0,2286
46,1,2,26,2521.0,2271
46,1,2,27,2620.0,2264
46,1,2,28,2804.5,2260
46,1,2,29,3013.0,2258
46,1,2,30,3143.5,2246
46,1,2,31,3253.0,2243
46,1,2,32,3429.0,2243
46,1,2,33,3559.0,2241
46,1,2,34,3642.0,2234
46,1,2,35,3791.0,2216
46,1,2,36,3937.0,2177
46,1,2,37,4044.0,2133
46,1,2,38,4125.0,2066
46,1,2,39,4223.5,1964
46,1,2,40,4311.0,1710
46,1,2,41,4431.0,1291
46,1,2,42,4503.5,646
46,1,2,43,4541.0,215
46,1,2,44,4591.0,47
46,1,2,45,4804.0,6
46,1,3,3,34.0,2521
46,1,3,4,79.0,2406
46,1,3,5,149.0,2390
46,1,3,6,324.0,2389
46,1,3,7,388.0,2388
46,1,3,8,474.0,2387
46,1,3,9,583.0,2387
46,1,3,10,640.0,2382
46,1,3,11,688.0,2373
46,1,3,12,738.0,2369
46,1,3,13,784.0,2366
46,1,3,14,837.0,2364
46,1,3,15,900.0,2364
46,1,3,16,990.0,2364
46,1,3,17,1138.0,2363
46,1,3,18,1452.0,2361
46,1,3,19,1583.0,2361
46,1,3,20,1716.0,2359
46,1,3,21,1804.0,2356
46,1,3,22,1910.0,2347
46,1,3,23,2049.0,2340
46,1,3,24,2209.0,2335
46,1,3,25,2309.0,2328
46,1,3,26,2410.0,2313
46,1,3,27,2507.0,2306
46,1,3,28,2690.0,2302
46,1,3,29,2902.5,2300
46,1,3,30,3033.5,2288
46,1,3,31,3142.0,2284
46,1,3,32,3318.0,2284
46,1,3,33,3445.5,2282
46,1,3,34,3530.0,2275
46,1,3,35,3679.0,2257
46,1,3,36,3826.5,2218
46,1,3,37,3935.0,2174
46,1,3,38,4013.0,2106
46,1,3,39,4108.5,2002
46,1,3,40,4202.0,1741
46,1,3,41,4312.0,1313
46,1,3,42,4386.5,660
46,1,3,43,4422.0,219
46,1,3,44,4495.5,48
46,1,3,45,4698.5,6
46,1,4,4,33.0,2440
46,1,4,5,101.0,2422
46,1,4,6,276.0,2417
46,1,4,7,339.0,2414
46,1,4,8,425.0,2413
46,1,4,9,534.0,2413
46,1,4,10,593.0,2408
46,1,4,11,639.0,2399
46,1,4,12,687.0,2394
46,1,4,13,734.0,2391
46,1,4,14,788.0,2389
46,1,4,15,852.0,2389
46,1,4,16,939.0,2389
46,1,4,17,1087.0,2388
46,1,4,18,1403.0,2386
46,1,4,19,1537.0,2386
46,1,4,20,1665.0,2384
46,1,4,21,1754.0,2381
46,1,4,22,1862.0,2372
46,1,4,23,2003.0,2365
46,1,4,24,2160.0,2360
46,1,4,25,2259.0,2353
46,1,4,26,2364.0,2338
46,1,4,27,2457.0,2331
46,1,4,28,2643.0,2327
46,1,4,29,2852.0,2325
46,1,4,30,2982.0,2313
46,1,4,31,3091.0,2309
46,1,4,32,3267.0,2309
46,1,4,33,3394.0,2307
46,1,4,34,3481.0,2300
46,1,4,35,3625.0,2281
46,1,4,36,3778.0,2242
46,1,4,37,3883.0,2197
46,1,4,38,3964.0,2129
46,1,4,39,4061.0,2025
46,1,4,40,4154.0,1761
46,1,4,41,4270.0,1333
46,1,4,42,4339.0,673
46,1,4,43,4371.0,224
46,1,4,44,4461.0,50
46,1,4,45,4648.5,6
46,1,5,5,51.0,2484
46,1,5,6,227.0,2479
46,1,5,7,290.0,2473
46,1,5,8,377.0,2472
46,1,5,9,485.0,2472
46,1,5,10,542.0,2467
46,1,5,11,590.0,2458
46,1,5,12,639.0,2453
46,1,5,13,685.0,2450
46,1,5,14,739.0,2448
46,1,5,15,803.5,2448
46,1,5,16,889.0,2448
46,1,5,17,1040.0,2447
46,1,5,18,1355.0,2444
46,1,5,19,1489.0,2444
46,1,5,20,1620.0,2442
46,1,5,21,1709.0,2439
46,1,5,22,1816.0,2430
46,1,5,23,1955.0,2423
46,1,5,24,2113.5,2418
46,1,5,25,2213.0,2411
46,1,5,26,2315.0,2396
46,1,5,27,2409.0,2389
46,1,5,28,2595.0,2385
46,1,5,29,2806.0,2383
46,1,5,30,2937.0,2371
46,1,5,31,3044.0,2367
46,1,5,32,3222.0,2367
46,1,5,33,3348.5,2364
46,1,5,34,3438.0,2357
46,1,5,35,3580.0,2337
46,1,5,36,3730.5,2298
46,1,5,37,3839.0,2253
46,1,5,38,3921.5,2182
46,1,5,39,4020.0,2078
46,1,5,40,4110.0,1810
46,1,5,41,4231.0,1377
46,1,5,42,4301.0,705
46,1,5,43,4333.0,242
46,1,5,44,4421.5,56
46,1,5,45,4604.5,6
46,1,6,6,149.0,2584
46,1,6,7,212.0,2578
46,1,6,8,298.0,2577
46,1,6,9,406.0,2577
46,1,6,10,466.0,2572
46,1,6,11,515.0,2563
46,1,6,12,564.0,2557
46,1,6,13,611.0,2554
46,1,6,14,663.0,2552
46,1,6,15,726.5,2552
46,1,6,16,814.0,2552
46,1,6,17,957.0,2551
46,1,6,18,1275.0,2548
46,1,6,19,1415.0,2548
46,1,6,20,1544.0,2546
46,1,6,21,1637.0,2543
46,1,6,22,1742.0,2534
46,1,6,23,1882.0,2527
46,1,6,24,2039.0,2520
46,1,6,25,2136.0,2513
46,1,6,26,2239.0,2496
46,1,6,27,2335.0,2489
46,1,6,28,2519.0,2485
46,1,6,29,2730.0,2483
46,1,6,30,2860.0,2471
46,1,6,31,2964.0,2466
46,1,6,32,3139.0,2466
46,1,6,33,3271.0,2463
46,1,6,34,3358.0,2455
46,1,6,35,3503.0,2435
46,1,6,36,3651.0,2396
46,1,6,37,3760.0,2351
46,1,6,38,3845.0,2278
46,1,6,39,3939.0,2172
46,1,6,40,4031.0,1899
46,1,6,41,4154.0,1459
46,1,6,42,4237.0,773
46,1,6,43,4283.5,288
46,1,6,44,4485.0,74
46,1,6,45,4734.5,10
46,1,6,46,5641.0,1
46,1,7,7,35.0,2646
46,1,7,8,114.0,2645
46,1,7,9,232.0,2645
46,1,7,10,290.0,2640
46,1,7,11,339.0,2631
46,1,7,12,387.0,2625
46,1,7,13,435.0,2622
46,1,7,14,488.0,2620
46,1,7,15,555.0,2620
46,1,7,16,638.5,2620
46,1,7,17,783.0,2619
46,1,7,18,1089.0,2616
46,1,7,19,1229.0,2616
46,1,7,20,1372.0,2614
46,1,7,21,1465.0,2611
46,1,7,22,1570.5,2602
46,1,7,23,1710.0,2595
46,1,7,24,1860.0,2588
46,1,7,25,1962.0,2579
46,1,7,26,2073.0,2562
46,1,7,27,2168.0,2554
46,1,7,28,2344.0,2549
46,1,7,29,2540.0,2546
46,1,7,30,2669.0,2533
46,1,7,31,2784.0,2528
46,1,7,32,2955.0,2528
46,1,7,33,3075.0,2525
46,1,7,34,3172.0,2517
46,1,7,35,3312.0,2497
46,1,7,36,3461.0,2458
46,1,7,37,3572.0,2413
46,1,7,38,3655.5,2340
46,1,7,39,3753.0,2234
46,1,7,40,3839.0,1959
46,1,7,41,3958.0,1516
46,1,7,42,4041.0,827
46,1,7,43,4105.5,332
46,1,7,44,4260.5,100
46,1,7,45,4494.0,17
46,1,7,46,5177.0,3
46,1,8,8,45.0,2667
46,1,8,9,163.0,2667
46,1,8,10,224.0,2662
46,1,8,11,272.0,2653
46,1,8,12,320.0,2647
46,1,8,13,368.0,2644
46,1,8,14,422.0,2642
46,1,8,15,487.0,2641
46,1,8,16,571.0,2641
46,1,8,17,713.0,2640
46,1,8,18,1017.0,2637
46,1,8,19,1159.0,2637
46,1,8,20,1300.0,2635
46,1,8,21,1398.0,2632
46,1,8,22,1501.0,2623
46,1,8,23,1641.0,2615
46,1,8,24,1793.0,2608
46,1,8,25,1892.0,2599
46,1,8,26,2004.0,2582
46,1,8,27,2101.0,2574
46,1,8,28,2276.0,2568
46,1,8,29,2470.0,2564
46,1,8,30,2599.0,2551
46,1,8,31,2715.0,2546
46,1,8,32,2886.0,2546
46,1,8,33,3002.0,2543
46,1,8,34,3100.0,2534
46,1,8,35,3240.0,2514
46,1,8,36,3391.0,2475
46,1,8,37,3497.5,2430
46,1,8,38,3581.0,2357
46,1,8,39,3676.0,2251
46,1,8,40,3768.0,1975
46,1,8,41,3886.5,1530
46,1,8,42,3966.0,841
46,1,8,43,4024.0,344
46,1,8,44,4143.5,106
46,1,8,45,4175.5,20
46,1,8,46,4239.0,5
46,1,9,9,93.0,2675
46,1,9,10,156.0,2670
46,1,9,11,204.0,2661
46,1,9,12,255.0,2655
46,1,9,13,300.0,2652
46,1,9,14,354.0,2650
46,1,9,15,419.0,2649
46,1,9,16,506.0,2649
46,1,9,17,657.0,2648
46,1,9,18,953.0,2645
46,1,9,19,1093.0,2645
46,1,9,20,1229.0,2643
46,1,9,21,1328.0,2640
46,1,9,22,1435.0,2631
46,1,9,23,1574.0,2623
46,1,9,24,1722.0,2616
46,1,9,25,1823.0,2607
46,1,9,26,1933.0,2590
46,1,9,27,2033.0,2582
46,1,9,28,2209.0,2576
46,1,9,29,2399.5,2572
46,1,9,30,2526.0,2559
46,1,9,31,2644.0,2554
46,1,9,32,2807.0,2553
46,1,9,33,2932.0,2550
46,1,9,34,3028.0,2541
46,1,9,35,3169.0,2521
46,1,9,36,3315.0,2482
46,1,9,37,3421.0,2437
46,1,9,38,3509.5,2364
46,1,9,39,3605.5,2258
46,1,9,40,3701.0,1982
46,1,9,41,3820.0,1536
46,1,9,42,3900.0,845
46,1,9,43,3974.0,347
46,1,9,44,4089.0,109
46,1,9,45,4149.0,23
46,1,9,46,4190.0,5
46,1,10,10,52.0,2676
46,1,10,11,99.0,2667
46,1,10,12,149.0,2661
46,1,10,13,196.0,2658
46,1,10,14,249.0,2656
46,1,10,15,314.0,2655
46,1,10,16,398.0,2655
46,1,10,17,540.0,2654
46,1,10,18,850.0,2651
46,1,10,19,988.0,2651
46,1,10,20,1121.0,2649
46,1,10,21,1217.0,2646
46,1,10,22,1325.0,2637
46,1,10,23,1466.0,2629
46,1,10,24,1616.5,2622
46,1,10,25,1717.0,2613
46,1,10,26,1824.0,2596
46,1,10,27,1926.0,2588
46,1,10,28,2098.5,2582
46,1,10,29,2293.0,2576
46,1,10,30,2421.0,2563
46,1,10,31,2536.0,2558
46,1,10,32,2700.0,2557
46,1,10,33,2823.0,2554
46,1,10,34,2916.0,2545
46,1,10,35,3057.0,2525
46,1,10,36,3208.0,2486
46,1,10,37,3316.0,2441
46,1,10,38,3397.0,2368
46,1,10,39,3494.0,2262
46,1,10,40,3590.0,1986
46,1,10,41,3706.0,1540
46,1,10,42,3791.0,849
46,1,10,43,3836.0,351
46,1,10,44,3945.0,111
46,1,10,45,4053.0,25
46,1,10,46,4128.5,6
46,1,10,47,3976.0,1
46,1,11,11,27.0,2671
46,1,11,12,77.0,2665
46,1,11,13,126.0,2662
46,1,11,14,178.0,2660
46,1,11,15,243.0,2659
46,1,11,16,324.0,2659
46,1,11,17,458.5,2658
46,1,11,18,779.0,2655
46,1,11,19,918.0,2655
46,1,11,20,1052.0,2653
46,1,11,21,1145.0,2650
46,1,11,22,1252.0,2641
46,1,11,23,1389.0,2633
46,1,11,24,1540.0,2626
46,1,11,25,1641.5,2616
46,1,11,26,1752.0,2599
46,1,11,27,1849.0,2591
46,1,11,28,2023.0,2585
46,1,11,29,2218.0,2579
46,1,11,30,2347.0,2566
46,1,11,31,2460.0,2561
46,1,11,32,2622.5,2560
46,1,11,33,2748.0,2557
46,1,11,34,2839.0,2548
46,1,11,35,2982.0,2528
46,1,11,36,3134.0,2489
46,1,11,37,3241.0,2444
46,1,11,38,3327.0,2371
46,1,11,39,3422.0,2265
46,1,11,40,3513.0,1989
46,1,11,41,3631.0,1542
46,1,11,42,3707.0,850
46,1,11,43,3740.0,351
46,1,11,44,3852.0,111
46,1,11,45,3917.0,25
46,1,11,46,3872.5,6
46,1,11,47,3945.0,1
46,1,12,12,31.0,2671
46,1,12,13,83.0,2668
46,1,12,14,135.0,2666
46,1,12,15,196.0,2665
46,1,12,16,276.0,2665
46,1,12,17,411.0,2664
46,1,12,18,736.0,2661
46,1,12,19,869.0,2661
46,1,12,20,1006.0,2659
46,1,12,21,1099.0,2656
46,1,12,22,1206.0,2647
46,1,12,23,1343.0,2639
46,1,12,24,1495.0,2632
46,1,12,25,1595.0,2622
46,1,12,26,1705.0,2605
46,1,12,27,1801.0,2597
46,1,12,28,1975.0,2591
46,1,12,29,2172.0,2585
46,1,12,30,2302.5,2572
46,1,12,31,2413.0,2567
46,1,12,32,2579.0,2566
46,1,12,33,2704.0,2563
46,1,12,34,2793.5,2554
46,1,12,35,2939.0,2534
46,1,12,36,3090.0,2495
46,1,12,37,3197.0,2450
46,1,12,38,3280.0,2377
46,1,12,39,3377.0,2271
46,1,12,40,3469.0,1995
46,1,12,41,3586.0,1547
46,1,12,42,3659.0,852
46,1,12,43,3683.5,352
46,1,12,44,3789.0,111
46,1,12,45,3888.0,25
46,1,12,46,3814.5,6
46,1,12,47,3906.0,1
46,1,13,13,35.0,2676
46,1,13,14,91.0,2674
46,1,13,15,155.0,2673
46,1,13,16,235.0,2671
46,1,13,17,374.0,2669
46,1,13,18,696.0,2666
46,1,13,19,830.0,2666
46,1,13,20,962.0,2664
46,1,13,21,1056.0,2661
46,1,13,22,1161.5,2652
46,1,13,23,1302.0,2644
46,1,13,24,1453.0,2637
46,1,13,25,1553.0,2626
46,1,13,26,1659.0,2609
46,1,13,27,1759.0,2601
46,1,13,28,1933.0,2595
46,1,13,29,2130.0,2589
46,1,13,30,2254.5,2576
46,1,13,31,2371.0,2571
46,1,13,32,2537.0,2570
46,1,13,33,2660.0,2567
46,1,13,34,2751.0,2558
46,1,13,35,2899.0,2538
46,1,13,36,3045.0,2499
46,1,13,37,3153.0,2454
46,1,13,38,3236.0,2381
46,1,13,39,3334.0,2274
46,1,13,40,3427.5,1998
46,1,13,41,3539.5,1550
46,1,13,42,3613.0,854
46,1,13,43,3632.0,352
46,1,13,44,3726.0,111
46,1,13,45,3815.0,25
46,1,13,46,3768.0,6
46,1,13,47,3651.0,1
46,1,14,14,30.0,2677
46,1,14,15,90.0,2676
46,1,14,16,172.0,2674
46,1,14,17,309.0,2672
46,1,14,18,637.0,2669
46,1,14,19,771.0,2669
46,1,14,20,902.0,2667
46,1,14,21,996.0,2664
46,1,14,22,1100.0,2655
46,1,14,23,1240.0,2647
46,1,14,24,1394.0,2640
46,1,14,25,1493.0,2629
46,1,14,26,1598.0,2612
46,1,14,27,1695.5,2604
46,1,14,28,1871.5,2598
46,1,14,29,2070.5,2592
46,1,14,30,2193.0,2579
46,1,14,31,2309.5,2574
46,1,14,32,2474.0,2573
46,1,14,33,2599.0,2570
46,1,14,34,2690.0,2561
46,1,14,35,2834.0,2541
46,1,14,36,2981.5,2502
46,1,14,37,3093.0,2457
46,1,14,38,3176.0,2384
46,1,14,39,3270.0,2277
46,1,14,40,3363.0,2000
46,1,14,41,3480.5,1552
46,1,14,42,3550.0,855
46,1,14,43,3563.5,352
46,1,14,44,3646.0,111
46,1,14,45,3739.0,25
46,1,14,46,3681.5,6
46,1,14,47,3600.0,1
46,1,15,15,41.0,2677
46,1,15,16,125.0,2675
46,1,15,17,262.0,2673
46,1,15,18,586.0,2670
46,1,15,19,720.0,2670
46,1,15,20,850.0,2668
46,1,15,21,945.0,2665
46,1,15,22,1049.0,2656
46,1,15,23,1189.0,2648
46,1,15,24,1342.0,2641
46,1,15,25,1442.0,2630
46,1,15,26,1548.0,2613
46,1,15,27,1645.0,2605
46,1,15,28,1820.0,2599
46,1,15,29,2017.0,2593
46,1,15,30,2142.5,2580
46,1,15,31,2259.0,2575
46,1,15,32,2424.0,2574
46,1,15,33,2547.0,2571
46,1,15,34,2639.0,2562
46,1,15,35,2783.0,2542
46,1,15,36,2927.0,2503
46,1,15,37,3045.0,2458
46,1,15,38,3128.0,2385
46,1,15,39,3219.5,2278
46,1,15,40,3312.5,2000
46,1,15,41,3430.5,1552
46,1,15,42,3502.0,855
46,1,15,43,3520.0,352
46,1,15,44,3576.0,111
46,1,15,45,3683.0,25
46,1,15,46,3615.0,6
46,1,15,47,3565.0,1
46,1,16,16,59.0,2677
46,1,16,17,196.0,2675
46,1,16,18,519.0,2672
46,1,16,19,652.0,2672
46,1,16,20,781.0,2670
46,1,16,21,877.0,2667
46,1,16,22,983.0,2658
46,1,16,23,1120.0,2650
46,1,16,24,1270.0,2643
46,1,16,25,1372.0,2632
46,1,16,26,1481.0,2615
46,1,16,27,1583.0,2607
46,1,16,28,1756.0,2601
46,1,16,29,1949.0,2595
46,1,16,30,2073.0,2582
46,1,16,31,2190.0,2577
46,1,16,32,2353.0,2576
46,1,16,33,2483.0,2573
46,1,16,34,2570.0,2564
46,1,16,35,2718.0,2544
46,1,16,36,2857.0,2505
46,1,16,37,2969.0,2460
46,1,16,38,3052.0,2387
46,1,16,39,3150.0,2280
46,1,16,40,3250.5,2002
46,1,16,41,3363.0,1553
46,1,16,42,3435.5,856
46,1,16,43,3467.0,353
46,1,16,44,3520.0,111
46,1,16,45,3629.0,25
46,1,16,46,3579.5,6
46,1,16,47,3500.0,1
46,1,17,17,115.0,2678
46,1,17,18,423.0,2675
46,1,17,19,559.0,2675
46,1,17,20,689.0,2673
46,1,17,21,786.0,2670
46,1,17,22,893.0,2661
46,1,17,23,1032.0,2653
46,1,17,24,1177.0,2646
46,1,17,25,1284.0,2635
46,1,17,26,1390.0,2618
46,1,17,27,1491.0,2610
46,1,17,28,1665.0,2604
46,1,17,29,1851.0,2598
46,1,17,30,1981.0,2585
46,1,17,31,2098.0,2580
46,1,17,32,2261.0,2579
46,1,17,33,2386.5,2576
46,1,17,34,2474.0,2567
46,1,17,35,2620.0,2547
46,1,17,36,2762.0,2508
46,1,17,37,2879.0,2463
46,1,17,38,2963.0,2390
46,1,17,39,3056.0,2283
46,1,17,40,3163.5,2004
46,1,17,41,3284.0,1555
46,1,17,42,3360.0,857
46,1,17,43,3393.0,353
46,1,17,44,3473.0,111
46,1,17,45,3503.0,25
46,1,17,46,3538.0,6
46,1,17,47,3440.0,1
46,1,18,18,253.0,2677
46,1,18,19,389.0,2677
46,1,18,20,529.0,2675
46,1,18,21,628.0,2672
46,1,18,22,725.0,2663
46,1,18,23,866.0,2655
46,1,18,24,1017.0,2648
46,1,18,25,1125.0,2637
46,1,18,26,1238.0,2620
46,1,18,27,1329.5,2612
46,1,18,28,1503.0,2606
46,1,18,29,1686.0,2600
46,1,18,30,1810.0,2587
46,1,18,31,1927.0,2582
46,1,18,32,2093.0,2581
46,1,18,33,2221.0,2578
46,1,18,34,2312.0,2569
46,1,18,35,2449.0,2549
46,1,18,36,2590.0,2510
46,1,18,37,2704.0,2465
46,1,18,38,2793.0,2392
46,1,18,39,2886.0,2285
46,1,18,40,3002.5,2006
46,1,18,41,3138.0,1557
46,1,18,42,3229.0,859
46,1,18,43,3284.0,353
46,1,18,44,3382.0,111
46,1,18,45,3442.0,25
46,1,18,46,3471.5,6
46,1,18,47,3416.0,1
46,1,19,19,114.0,2681
46,1,19,20,252.0,2679
46,1,19,21,343.0,2676
46,1,19,22,455.0,2667
46,1,19,23,600.0,2659
46,1,19,24,754.0,2652
46,1,19,25,855.0,2641
46,1,19,26,968.0,2624
46,1,19,27,1069.0,2616
46,1,19,28,1247.0,2610
46,1,19,29,1439.0,2604
46,1,19,30,1573.0,2591
46,1,19,31,1694.0,2586
46,1,19,32,1854.0,2585
46,1,19,33,1975.5,2582
46,1,19,34,2079.0,2573
46,1,19,35,2203.0,2553
46,1,19,36,2339.0,2514
46,1,19,37,2464.0,2469
46,1,19,38,2557.0,2396
46,1,19,39,2652.0,2289
46,1,19,40,2762.0,2009
46,1,19,41,2895.5,1560
46,1,19,42,3025.0,861
46,1,19,43,3157.0,353
46,1,19,44,3295.0,111
46,1,19,45,3361.0,25
46,1,19,46,3427.5,6
46,1,19,47,3389.0,1
46,1,20,20,99.0,2679
46,1,20,21,195.0,2676
46,1,20,22,301.0,2667
46,1,20,23,439.0,2659
46,1,20,24,587.5,2652
46,1,20,25,694.0,2641
46,1,20,26,804.0,2624
46,1,20,27,904.0,2616
46,1,20,28,1076.0,2610
46,1,20,29,1269.0,2604
46,1,20,30,1405.0,2591
46,1,20,31,1523.0,2586
46,1,20,32,1688.0,2585
46,1,20,33,1815.0,2582
46,1,20,34,1906.0,2573
46,1,20,35,2040.0,2553
46,1,20,36,2179.0,2514
46,1,20,37,2294.0,2469
46,1,20,38,2389.0,2396
46,1,20,39,2487.0,2289
46,1,20,40,2595.0,2009
46,1,20,41,2723.0,1560
46,1,20,42,2850.0,861
46,1,20,43,2970.0,353
46,1,20,44,3144.0,111
46,1,20,45,3303.0,25
46,1,20,46,3351.0,6
46,1,20,47,3336.0,1
46,1,21,21,57.0,2678
46,1,21,22,170.0,2669
46,1,21,23,302.0,2661
46,1,21,24,452.5,2654
46,1,21,25,558.0,2643
46,1,21,26,667.0,2626
46,1,21,27,765.0,2618
46,1,21,28,934.0,2612
46,1,21,29,1121.0,2605
46,1,21,30,1253.0,2592
46,1,21,31,1370.0,2587
46,1,21,32,1541.0,2586
46,1,21,33,1662.0,2583
46,1,21,34,1759.0,2574
46,1,21,35,1893.0,2553
46,1,21,36,2035.0,2514
46,1,21,37,2150.0,2469
46,1,21,38,2240.0,2396
46,1,21,39,2341.0,2289
46,1,21,40,2437.0,2009
46,1,21,41,2560.0,1560
46,1,21,42,2670.0,861
46,1,21,43,2769.0,353
46,1,21,44,2960.0,111
46,1,21,45,3199.0,25
46,1,21,46,3272.0,6
46,1,21,47,3305.0,1
46,1,22,22,75.0,2672
46,1,22,23,209.0,2664
46,1,22,24,355.0,2657
46,1,22,25,460.0,2645
46,1,22,26,567.0,2628
46,1,22,27,665.0,2620
46,1,22,28,835.0,2614
46,1,22,29,1020.0,2607
46,1,22,30,1151.5,2594
46,1,22,31,1265.0,2589
46,1,22,32,1436.0,2588
46,1,22,33,1556.0,2585
46,1,22,34,1650.0,2576
46,1,22,35,1788.0,2555
46,1,22,36,1933.0,2516
46,1,22,37,2049.5,2470
46,1,22,38,2141.0,2397
46,1,22,39,2232.5,2290
46,1,22,40,2333.0,2010
46,1,22,41,2450.0,1561
46,1,22,42,2542.0,861
46,1,22,43,2601.0,353
46,1,22,44,2721.0,111
46,1,22,45,2945.0,25
46,1,22,46,2927.5,6
46,1,22,47,3256.0,1
46,1,23,23,100.0,2671
46,1,23,24,246.0,2664
46,1,23,25,352.0,2652
46,1,23,26,459.0,2634
46,1,23,27,557.5,2626
46,1,23,28,725.0,2620
46,1,23,29,908.0,2613
46,1,23,30,1043.0,2600
46,1,23,31,1159.0,2595
46,1,23,32,1324.5,2594
46,1,23,33,1452.0,2591
46,1,23,34,1540.0,2582
46,1,23,35,1676.5,2560
46,1,23,36,1821.0,2521
46,1,23,37,1939.5,2474
46,1,23,38,2028.0,2401
46,1,23,39,2121.5,2294
46,1,23,40,2230.0,2014
46,1,23,41,2343.0,1564
46,1,23,42,2435.0,863
46,1,23,43,2499.0,354
46,1,23,44,2592.0,111
46,1,23,45,2620.0,25
46,1,23,46,2735.5,6
46,1,23,47,3146.0,1
46,1,24,24,109.0,2673
46,1,24,25,218.0,2661
46,1,24,26,329.0,2643
46,1,24,27,426.0,2634
46,1,24,28,588.0,2628
46,1,24,29,774.0,2621
46,1,24,30,906.0,2608
46,1,24,31,1020.0,2603
46,1,24,32,1191.0,2602
46,1,24,33,1315.0,2599
46,1,24,34,1400.0,2590
46,1,24,35,1541.0,2568
46,1,24,36,1684.0,2529
46,1,24,37,1801.0,2481
46,1,24,38,1891.0,2407
46,1,24,39,1984.0,2299
46,1,24,40,2095.0,2019
46,1,24,41,2213.0,1568
46,1,24,42,2314.0,867
46,1,24,43,2384.0,357
46,1,24,44,2475.5,112
46,1,24,45,2495.0,25
46,1,24,46,2553.5,6
46,1,24,47,2461.0,1
46,1,25,25,62.0,2669
46,1,25,26,181.0,2651
46,1,25,27,280.0,2642
46,1,25,28,442.0,2635
46,1,25,29,626.5,2628
46,1,25,30,758.0,2615
46,1,25,31,879.0,2610
46,1,25,32,1043.0,2609
46,1,25,33,1168.0,2606
46,1,25,34,1265.0,2597
46,1,25,35,1399.0,2575
46,1,25,36,1544.5,2536
46,1,25,37,1656.0,2488
46,1,25,38,1749.0,2414
46,1,25,39,1845.0,2305
46,1,25,40,1948.5,2024
46,1,25,41,2069.5,1572
46,1,25,42,2165.0,871
46,1,25,43,2258.0,361
46,1,25,44,2362.0,113
46,1,25,45,2428.5,26
46,1,25,46,2455.0,6
46,1,25,47,2335.0,1
46,1,26,26,69.0,2661
46,1,26,27,171.0,2652
46,1,26,28,340.0,2645
46,1,26,29,519.0,2638
46,1,26,30,649.0,2625
46,1,26,31,768.0,2620
46,1,26,32,939.0,2619
46,1,26,33,1058.0,2616
46,1,26,34,1150.0,2607
46,1,26,35,1293.0,2585
46,1,26,36,1437.0,2546
46,1,26,37,1553.5,2498
46,1,26,38,1646.0,2424
46,1,26,39,1736.0,2313
46,1,26,40,1846.0,2031
46,1,26,41,1957.0,1578
46,1,26,42,2046.0,875
46,1,26,43,2124.0,363
46,1,26,44,2210.0,115
46,1,26,45,2294.0,27
46,1,26,46,2339.0,6
46,1,26,47,2266.0,1
46,1,27,27,54.0,2670
46,1,27,28,221.0,2663
46,1,27,29,406.0,2655
46,1,27,30,536.0,2641
46,1,27,31,649.0,2636
46,1,27,32,827.0,2635
46,1,27,33,950.5,2632
46,1,27,34,1040.0,2623
46,1,27,35,1186.0,2600
46,1,27,36,1325.0,2561
46,1,27,37,1437.0,2513
46,1,27,38,1530.0,2439
46,1,27,39,1621.0,2326
46,1,27,40,1731.0,2041
46,1,27,41,1841.0,1587
46,1,27,42,1934.0,880
46,1,27,43,2013.0,363
46,1,27,44,2082.0,115
46,1,27,45,2114.0,27
46,1,27,46,2198.0,6
46,1,27,47,2146.0,1
46,1,28,28,131.0,2673
46,1,28,29,306.0,2665
46,1,28,30,434.0,2650
46,1,28,31,553.0,2645
46,1,28,32,721.0,2644
46,1,28,33,844.0,2641
46,1,28,34,937.5,2632
46,1,28,35,1075.0,2609
46,1,28,36,1224.5,2570
46,1,28,37,1340.0,2522
46,1,28,38,1428.0,2448
46,1,28,39,1526.0,2335
46,1,28,40,1634.0,2050
46,1,28,41,1753.5,1594
46,1,28,42,1833.0,883
46,1,28,43,1902.5,364
46,1,28,44,1969.0,115
46,1,28,45,2009.0,27
46,1,28,46,2065.5,6
46,1,28,47,2028.0,1
46,1,29,29,135.0,2673
46,1,29,30,262.0,2658
46,1,29,31,380.0,2653
46,1,29,32,544.5,2652
46,1,29,33,664.0,2649
46,1,29,34,757.5,2640
46,1,29,35,898.0,2617
46,1,29,36,1041.0,2578
46,1,29,37,1156.0,2530
46,1,29,38,1246.0,2456
46,1,29,39,1350.0,2343
46,1,29,40,1461.0,2056
46,1,29,41,1592.0,1599
46,1,29,42,1703.0,887
46,1,29,43,1806.0,366
46,1,29,44,1892.5,116
46,1,29,45,1956.5,28
46,1,29,46,1982.0,6
46,1,29,47,1916.0,1
46,1,30,30,75.0,2666
46,1,30,31,192.0,2661
46,1,30,32,366.0,2660
46,1,30,33,472.0,2656
46,1,30,34,566.0,2647
46,1,30,35,712.5,2624
46,1,30,36,850.0,2585
46,1,30,37,961.0,2537
46,1,30,38,1054.0,2462
46,1,30,39,1160.0,2349
46,1,30,40,1273.0,2062
46,1,30,41,1405.0,1605
46,1,30,42,1522.0,892
46,1,30,43,1644.0,369
46,1,30,44,1783.0,118
46,1,30,45,1866.0,28
46,1,30,46,1877.5,6
46,1,30,47,1825.0,1
46,1,31,31,69.0,2675
46,1,31,32,238.0,2674
46,1,31,33,360.0,2669
46,1,31,34,445.0,2660
46,1,31,35,585.0,2637
46,1,31,36,731.0,2598
46,1,31,37,845.0,2550
46,1,31,38,937.0,2475
46,1,31,39,1037.0,2362
46,1,31,40,1153.0,2074
46,1,31,41,1280.0,1616
46,1,31,42,1396.5,900
46,1,31,43,1486.5,374
46,1,31,44,1612.5,120
46,1,31,45,1744.5,28
46,1,31,46,1814.0,6
46,1,31,47,1734.0,1
46,1,32,32,95.0,2679
46,1,32,33,251.0,2674
46,1,32,34,335.0,2665
46,1,32,35,467.0,2642
46,1,32,36,611.0,2603
46,1,32,37,733.0,2555
46,1,32,38,823.5,2480
46,1,32,39,924.0,2366
46,1,32,40,1041.0,2078
46,1,32,41,1175.0,1620
46,1,32,42,1289.0,904
46,1,32,43,1383.5,378
46,1,32,44,1498.0,122
46,1,32,45,1567.5,28
46,1,32,46,1715.5,6
46,1,32,47,1677.0,1
46,1,33,33,57.0,2676
46,1,33,34,203.0,2667
46,1,33,35,310.0,2644
46,1,33,36,451.0,2605
46,1,33,37,574.0,2557
46,1,33,38,676.0,2482
46,1,33,39,777.0,2368
46,1,33,40,889.0,2080
46,1,33,41,1022.0,1622
46,1,33,42,1174.0,906
46,1,33,43,1283.0,379
46,1,33,44,1388.0,123
46,1,33,45,1448.0,28
46,1,33,46,1568.0,6
46,1,33,47,1549.0,1
46,1,34,34,38.0,2671
46,1,34,35,214.0,2648
46,1,34,36,340.0,2609
46,1,34,37,461.0,2561
46,1,34,38,558.0,2486
46,1,34,39,662.5,2372
46,1,34,40,775.0,2084
46,1,34,41,898.0,1625
46,1,34,42,1009.0,908
46,1,34,43,1153.0,381
46,1,34,44,1303.0,125
46,1,34,45,1388.0,29
46,1,34,46,1518.0,7
46,1,34,47,1487.0,1
46,1,35,35,102.0,2656
46,1,35,36,252.0,2617
46,1,35,37,369.0,2569
46,1,35,38,464.0,2494
46,1,35,39,568.0,2380
46,1,35,40,691.0,2092
46,1,35,41,815.0,1632
46,1,35,42,917.0,910
46,1,35,43,1008.0,382
46,1,35,44,1155.0,126
46,1,35,45,1296.5,30
46,1,35,46,1429.0,7
46,1,35,47,1402.0,1
46,1,36,36,109.0,2631
46,1,36,37,225.0,2580
46,1,36,38,320.0,2505
46,1,36,39,433.0,2390
46,1,36,40,553.0,2101
46,1,36,41,696.0,1641
46,1,36,42,835.0,916
46,1,36,43,926.0,385
46,1,36,44,1019.5,128
46,1,36,45,1128.0,31
46,1,36,46,1336.0,7
46,1,36,47,1300.0,1
46,1,37,37,91.0,2600
46,1,37,38,183.0,2524
46,1,37,39,286.0,2407
46,1,37,40,407.0,2116
46,1,37,41,545.0,1655
46,1,37,42,685.0,928
46,1,37,43,814.0,393
46,1,37,44,915.0,130
46,1,37,45,982.0,31
46,1,37,46,1123.0,7
46,1,37,47,1220.0,1
46,1,38,38,72.0,2538
46,1,38,39,175.0,2421
46,1,38,40,293.0,2130
46,1,38,41,421.0,1669
46,1,38,42,544.5,942
46,1,38,43,663.0,404
46,1,38,44,807.5,138
46,1,38,45,917.0,31
46,1,38,46,1006.0,7
46,1,38,47,1049.0,1
46,1,39,39,74.0,2424
46,1,39,40,192.0,2133
46,1,39,41,321.0,1672
46,1,39,42,438.0,945
46,1,39,43,542.0,407
46,1,39,44,661.0,141
46,1,39,45,812.0,33
46,1,39,46,990.5,8
46,1,39,47,1020.0,1
46,1,40,40,94.0,2135
46,1,40,41,221.0,1674
46,1,40,42,341.0,947
46,1,40,43,441.0,408
46,1,40,44,531.5,142
46,1,40,45,634.0,33
46,1,40,46,795.0,8
46,1,40,47,994.0,1
46,1,41,41,111.5,1674
46,1,41,42,234.0,947
46,1,41,43,348.5,408
46,1,41,44,430.5,142
46,1,41,45,525.0,33
46,1,41,46,663.5,8
46,1,41,47,798.0,1
46,1,42,42,115.0,947
46,1,42,43,234.0,408
46,1,42,44,347.0,142
46,1,42,45,452.0,33
46,1,42,46,581.5,8
46,1,42,47,692.0,1
46,1,43,43,103.5,408
46,1,43,44,225.0,142
46,1,43,45,351.0,33
46,1,43,46,484.0,8
46,1,43,47,615.0,1
46,1,44,44,92.0,142
46,1,44,45,238.0,33
46,1,44,46,373.5,8
46,1,44,47,526.0,1
46,1,45,45,96.0,33
46,1,45,46,218.5,8
46,1,45,47,416.0,1
46,1,46,46,80.5,8
46,1,46,47,259.0,1
46,1,47,47,78.0,1
46,2,2,2,122.0,2792
46,2,2,3,244.0,2770
46,2,2,4,321.0,2715
46,2,2,5,408.0,2707
46,2,2,6,594.0,2705
46,2,2,7,686.0,2702
46,2,2,8,779.0,2697
46,2,2,9,857.0,2696
46,2,2,10,964.0,2695
46,2,2,11,1114.0,2692
46,2,2,12,1231.0,2689
46,2,2,13,1408.0,2686
46,2,2,14,1573.0,2681
46,2,2,15,1836.5,2662
46,2,2,16,1999.5,2660
46,2,2,17,2528.0,2640
46,2,2,18,2663.0,2617
46,2,2,19,2772.0,2319
46,2,2,20,2869.0,2317
46,2,2,21,2990.5,2316
46,2,2,22,3072.0,2316
46,2,2,23,3200.0,2315
46,2,2,24,3298.0,2313
46,2,2,25,3424.0,2313
46,2,2,26,3519.0,2309
46,2,2,27,3673.0,2307
46,2,2,28,3768.0,2300
46,2,2,29,4034.0,2289
46,2,2,30,4120.0,2259
46,2,2,31,4211.0,2252
46,2,2,32,4292.0,2248
46,2,2,33,4372.5,2246
46,2,2,34,4434.0,2240
46,2,2,35,4496.0,2236
46,2,2,36,4563.0,2227
46,2,2,37,4620.0,2208
46,2,2,38,4676.0,2184
46,2,2,39,4765.5,2126
46,2,2,40,4854.0,1972
46,2,2,41,4946.0,1817
46,2,2,42,5051.0,1720
46,2,2,43,5048.0,1169
46,2,2,44,5010.5,258
46,2,2,45,4853.0,57
46,2,2,46,4789.0,13
46,2,2,47,4949.0,2
46,2,3,3,68.0,2783
46,2,3,4,143.0,2727
46,2,3,5,230.0,2718
46,2,3,6,409.0,2716
46,2,3,7,502.0,2713
46,2,3,8,592.0,2708
46,2,3,9,664.0,2707
46,2,3,10,772.0,2706
46,2,3,11,915.0,2703
46,2,3,12,1033.0,2700
46,2,3,13,1206.0,2697
46,2,3,14,1373.5,2692
46,2,3,15,1629.0,2673
46,2,3,16,1786.0,2671
46,2,3,17,2324.0,2651
46,2,3,18,2459.0,2628
46,2,3,19,2576.0,2330
46,2,3,20,2671.0,2328
46,2,3,21,2785.0,2327
46,2,3,22,2867.0,2327
46,2,3,23,2995.5,2326
46,2,3,24,3091.5,2324
46,2,3,25,3218.0,2324
46,2,3,26,3311.5,2320
46,2,3,27,3459.0,2317
46,2,3,28,3565.0,2310
46,2,3,29,3828.0,2299
46,2,3,30,3920.0,2269
46,2,3,31,4006.0,2262
46,2,3,32,4080.5,2258
46,2,3,33,4169.5,2256
46,2,3,34,4223.0,2250
46,2,3,35,4289.0,2246
46,2,3,36,4357.0,2237
46,2,3,37,4413.0,2218
46,2,3,38,4476.0,2194
46,2,3,39,4561.0,2135
46,2,3,40,4650.0,1979
46,2,3,41,4744.0,1823
46,2,3,42,4841.0,1725
46,2,3,43,4846.5,1174
46,2,3,44,4810.0,260
46,2,3,45,4599.5,58
46,2,3,46,4620.5,14
46,2,3,47,4645.5,2
46,2,4,4,54.0,2742
46,2,4,5,140.0,2733
46,2,4,6,315.0,2731
46,2,4,7,409.0,2728
46,2,4,8,498.0,2723
46,2,4,9,572.0,2722
46,2,4,10,679.0,2721
46,2,4,11,821.0,2718
46,2,4,12,938.0,2715
46,2,4,13,1113.0,2712
46,2,4,14,1278.0,2707
46,2,4,15,1530.0,2688
46,2,4,16,1692.0,2686
46,2,4,17,2226.0,2666
46,2,4,18,2365.0,2643
46,2,4,19,2477.0,2344
46,2,4,20,2575.0,2342
46,2,4,21,2691.0,2341
46,2,4,22,2771.0,2341
46,2,4,23,2895.5,2340
46,2,4,24,2996.5,2338
46,2,4,25,3123.0,2338
46,2,4,26,3217.5,2334
46,2,4,27,3368.0,2331
46,2,4,28,3468.0,2324
46,2,4,29,3733.0,2312
46,2,4,30,3827.0,2281
46,2,4,31,3913.0,2274
46,2,4,32,3990.5,2270
46,2,4,33,4073.5,2268
46,2,4,34,4132.0,2262
46,2,4,35,4196.0,2258
46,2,4,36,4265.0,2249
46,2,4,37,4320.0,2230
46,2,4,38,4376.5,2206
46,2,4,39,4463.0,2145
46,2,4,40,4554.0,1986
46,2,4,41,4645.0,1829
46,2,4,42,4742.0,1730
46,2,4,43,4749.0,1177
46,2,4,44,4709.0,261
46,2,4,45,4534.0,59
46,2,4,46,4551.5,14
46,2,4,47,4551.5,2
46,2,5,5,68.0,2744
46,2,5,6,241.0,2742
46,2,5,7,334.0,2739
46,2,5,8,425.0,2734
46,2,5,9,497.0,2733
46,2,5,10,605.0,2732
46,2,5,11,749.0,2729
46,2,5,12,867.0,2726
46,2,5,13,1042.0,2723
46,2,5,14,1202.0,2718
46,2,5,15,1457.0,2699
46,2,5,16,1617.0,2697
46,2,5,17,2154.0,2676
46,2,5,18,2287.0,2653
46,2,5,19,2405.0,2353
46,2,5,20,2499.0,2351
46,2,5,21,2621.0,2350
46,2,5,22,2701.5,2350
46,2,5,23,2828.0,2349
46,2,5,24,2927.0,2347
46,2,5,25,3054.0,2347
46,2,5,26,3147.0,2343
46,2,5,27,3301.0,2340
46,2,5,28,3396.0,2333
46,2,5,29,3664.0,2320
46,2,5,30,3756.0,2289
46,2,5,31,3843.0,2282
46,2,5,32,3913.5,2278
46,2,5,33,4002.5,2276
46,2,5,34,4060.0,2270
46,2,5,35,4123.5,2266
46,2,5,36,4196.0,2257
46,2,5,37,4247.5,2238
46,2,5,38,4307.5,2214
46,2,5,39,4390.0,2153
46,2,5,40,4482.0,1993
46,2,5,41,4572.0,1834
46,2,5,42,4670.0,1735
46,2,5,43,4679.0,1180
46,2,5,44,4628.0,263
46,2,5,45,4453.5,60
46,2,5,46,4500.0,15
46,2,5,47,4662.0,3
46,2,6,6,155.0,2756
46,2,6,7,249.0,2753
46,2,6,8,341.0,2748
46,2,6,9,412.0,2747
46,2,6,10,520.0,2746
46,2,6,11,661.0,2743
46,2,6,12,781.0,2740
46,2,6,13,952.0,2737
46,2,6,14,1114.5,2732
46,2,6,15,1371.0,2713
46,2,6,16,1533.0,2711
46,2,6,17,2066.0,2690
46,2,6,18,2208.0,2667
46,2,6,19,2325.0,2367
46,2,6,20,2416.0,2365
46,2,6,21,2537.0,2364
46,2,6,22,2618.5,2364
46,2,6,23,2744.0,2363
46,2,6,24,2840.0,2361
46,2,6,25,2968.0,2361
46,2,6,26,3060.0,2357
46,2,6,27,3216.5,2354
46,2,6,28,3309.0,2347
46,2,6,29,3579.0,2333
46,2,6,30,3667.0,2301
46,2,6,31,3760.0,2294
46,2,6,32,3829.5,2290
46,2,6,33,3917.0,2288
46,2,6,34,3975.5,2282
46,2,6,35,4041.0,2278
46,2,6,36,4110.0,2269
46,2,6,37,4165.0,2250
46,2,6,38,4224.0,2226
46,2,6,39,4307.5,2164
46,2,6,40,4398.5,2004
46,2,6,41,4487.0,1845
46,2,6,42,4586.0,1744
46,2,6,43,4591.0,1187
46,2,6,44,4542.0,267
46,2,6,45,4384.0,61
46,2,6,46,4408.0,15
46,2,6,47,4200.0,3
46,2,7,7,76.0,2764
46,2,7,8,165.0,2759
46,2,7,9,238.0,2758
46,2,7,10,344.0,2757
46,2,7,11,486.0,2754
46,2,7,12,597.0,2751
46,2,7,13,770.0,2748
46,2,7,14,935.0,2743
46,2,7,15,1191.5,2724
46,2,7,16,1349.0,2722
46,2,7,17,1882.0,2700
46,2,7,18,2024.0,2676
46,2,7,19,2143.0,2376
46,2,7,20,2236.0,2374
46,2,7,21,2357.0,2373
46,2,7,22,2439.0,2373
46,2,7,23,2565.0,2372
46,2,7,24,2664.0,2370
46,2,7,25,2784.5,2370
46,2,7,26,2882.0,2366
46,2,7,27,3032.0,2363
46,2,7,28,3128.5,2356
46,2,7,29,3394.0,2342
46,2,7,30,3483.0,2309
46,2,7,31,3573.5,2302
46,2,7,32,3651.0,2298
46,2,7,33,3736.0,2296
46,2,7,34,3791.0,2290
46,2,7,35,3857.0,2286
46,2,7,36,3927.0,2277
46,2,7,37,3979.0,2258
46,2,7,38,4041.0,2234
46,2,7,39,4126.0,2172
46,2,7,40,4215.0,2012
46,2,7,41,4302.0,1853
46,2,7,42,4412.0,1752
46,2,7,43,4422.0,1195
46,2,7,44,4387.5,274
46,2,7,45,4240.0,62
46,2,7,46,4279.0,15
46,2,7,47,4030.0,3
46,2,8,8,48.0,2773
46,2,8,9,123.0,2772
46,2,8,10,232.0,2771
46,2,8,11,377.0,2768
46,2,8,12,489.0,2765
46,2,8,13,660.0,2762
46,2,8,14,827.0,2757
46,2,8,15,1084.0,2738
46,2,8,16,1242.0,2735
46,2,8,17,1773.0,2713
46,2,8,18,1913.0,2689
46,2,8,19,2036.0,2389
46,2,8,20,2128.0,2387
46,2,8,21,2244.0,2386
46,2,8,22,2330.5,2386
46,2,8,23,2459.0,2385
46,2,8,24,2554.0,2383
46,2,8,25,2676.0,2383
46,2,8,26,2772.0,2379
46,2,8,27,2921.5,2376
46,2,8,28,3017.0,2369
46,2,8,29,3291.0,2355
46,2,8,30,3380.0,2322
46,2,8,31,3468.0,2315
46,2,8,32,3538.0,2311
46,2,8,33,3625.0,2309
46,2,8,34,3683.0,2303
46,2,8,35,3750.0,2299
46,2,8,36,3817.0,2290
46,2,8,37,3876.0,2271
46,2,8,38,3934.0,2247
46,2,8,39,4019.0,2185
46,2,8,40,4105.0,2024
46,2,8,41,4201.0,1865
46,2,8,42,4299.0,1763
46,2,8,43,4319.0,1205
46,2,8,44,4281.0,282
46,2,8,45,4149.5,66
46,2,8,46,4177.0,15
46,2,8,47,3895.0,3
46,2,9,9,42.0,2783
46,2,9,10,146.0,2782
46,2,9,11,290.0,2779
46,2,9,12,399.0,2776
46,2,9,13,573.0,2773
46,2,9,14,735.0,2768
46,2,9,15,996.0,2749
46,2,9,16,1155.5,2746
46,2,9,17,1688.5,2724
46,2,9,18,1827.0,2700
46,2,9,19,1944.0,2400
46,2,9,20,2039.0,2397
46,2,9,21,2158.5,2396
46,2,9,22,2239.0,2396
46,2,9,23,2372.0,2395
46,2,9,24,2466.0,2393
46,2,9,25,2584.0,2393
46,2,9,26,2676.0,2389
46,2,9,27,2832.0,2386
46,2,9,28,2931.0,2379
46,2,9,29,3203.5,2364
46,2,9,30,3290.0,2331
46,2,9,31,3383.0,2324
46,2,9,32,3457.5,2320
46,2,9,33,3539.0,2318
46,2,9,34,3599.0,2312
46,2,9,35,3665.5,2308
46,2,9,36,3733.0,2299
46,2,9,37,3787.5,2280
46,2,9,38,3851.5,2256
46,2,9,39,3931.0,2194
46,2,9,40,4020.0,2033
46,2,9,41,4113.5,1874
46,2,9,42,4210.5,1772
46,2,9,43,4225.5,1214
46,2,9,44,4219.5,290
46,2,9,45,4081.5,70
46,2,9,46,4101.5,16
46,2,9,47,3796.0,3
46,2,10,10,77.0,2797
46,2,10,11,222.0,2794
46,2,10,12,330.0,2791
46,2,10,13,500.0,2788
46,2,10,14,663.0,2783
46,2,10,15,922.5,2764
46,2,10,16,1085.0,2761
46,2,10,17,1614.0,2739
46,2,10,18,1749.0,2715
46,2,10,19,1872.0,2415
46,2,10,20,1965.0,2411
46,2,10,21,2089.0,2408
46,2,10,22,2172.0,2408
46,2,10,23,2301.0,2407
46,2,10,24,2395.0,2405
46,2,10,25,2514.0,2405
46,2,10,26,2605.0,2401
46,2,10,27,2758.5,2398
46,2,10,28,2857.0,2391
46,2,10,29,3132.5,2376
46,2,10,30,3222.0,2343
46,2,10,31,3310.0,2336
46,2,10,32,3389.0,2332
46,2,10,33,3468.0,2330
46,2,10,34,3528.0,2324
46,2,10,35,3595.0,2320
46,2,10,36,3656.0,2311
46,2,10,37,3714.5,2292
46,2,10,38,3776.5,2268
46,2,10,39,3861.5,2206
46,2,10,40,3947.0,2045
46,2,10,41,4039.5,1886
46,2,10,42,4138.5,1784
46,2,10,43,4162.5,1226
46,2,10,44,4151.0,300
46,2,10,45,4039.0,79
46,2,10,46,4057.0,17
46,2,10,47,3726.0,3
46,2,11,11,110.0,2807
46,2,11,12,218.0,2804
46,2,11,13,388.0,2801
46,2,11,14,550.0,2796
46,2,11,15,806.0,2777
46,2,11,16,970.0,2774
46,2,11,17,1495.5,2752
46,2,11,18,1634.5,2728
46,2,11,19,1757.0,2428
46,2,11,20,1850.0,2424
46,2,11,21,1972.0,2419
46,2,11,22,2051.0,2419
46,2,11,23,2179.0,2418
46,2,11,24,2280.0,2416
46,2,11,25,2400.0,2416
46,2,11,26,2494.5,2412
46,2,11,27,2651.0,2409
46,2,11,28,2746.0,2402
46,2,11,29,3015.0,2387
46,2,11,30,3103.5,2354
46,2,11,31,3196.0,2347
46,2,11,32,3270.0,2343
46,2,11,33,3355.0,2341
46,2,11,34,3413.0,2335
46,2,11,35,3478.0,2331
46,2,11,36,3544.5,2322
46,2,11,37,3601.0,2303
46,2,11,38,3665.0,2279
46,2,11,39,3747.0,2216
46,2,11,40,3829.0,2055
46,2,11,41,3923.0,1896
46,2,11,42,4025.0,1794
46,2,11,43,4045.5,1236
46,2,11,44,4038.0,309
46,2,11,45,3911.5,84
46,2,11,46,3933.0,17
46,2,11,47,3562.0,3
46,2,12,12,73.0,2813
46,2,12,13,235.0,2810
46,2,12,14,402.0,2805
46,2,12,15,659.5,2786
46,2,12,16,820.0,2783
46,2,12,17,1347.0,2760
46,2,12,18,1485.5,2736
46,2,12,19,1610.0,2435
46,2,12,20,1702.0,2431
46,2,12,21,1825.0,2426
46,2,12,22,1908.0,2425
46,2,12,23,2035.0,2424
46,2,12,24,2133.5,2422
46,2,12,25,2254.0,2422
46,2,12,26,2346.0,2418
46,2,12,27,2504.0,2415
46,2,12,28,2599.5,2408
46,2,12,29,2867.0,2393
46,2,12,30,2960.0,2360
46,2,12,31,3048.0,2353
46,2,12,32,3125.0,2349
46,2,12,33,3207.0,2347
46,2,12,34,3272.0,2341
46,2,12,35,3334.0,2337
46,2,12,36,3402.0,2327
46,2,12,37,3456.5,2308
46,2,12,38,3517.5,2284
46,2,12,39,3603.0,2221
46,2,12,40,3689.0,2060
46,2,12,41,3779.0,1901
46,2,12,42,3879.0,1799
46,2,12,43,3904.5,1240
46,2,12,44,3905.0,312
46,2,12,45,3782.5,86
46,2,12,46,3842.0,19
46,2,12,47,3668.5,4
46,2,12,48,4223.0,1
46,2,12,49,4367.0,1
46,2,12,50,4398.0,1
46,2,13,13,121.0,2818
46,2,13,14,290.0,2813
46,2,13,15,542.0,2794
46,2,13,16,701.0,2791
46,2,13,17,1211.0,2768
46,2,13,18,1351.0,2744
46,2,13,19,1474.0,2443
46,2,13,20,1565.0,2439
46,2,13,21,1684.5,2434
46,2,13,22,1767.5,2432
46,2,13,23,1892.0,2431
46,2,13,24,1990.0,2429
46,2,13,25,2123.0,2429
46,2,13,26,2213.0,2425
46,2,13,27,2368.0,2422
46,2,13,28,2461.0,2415
46,2,13,29,2722.0,2400
46,2,13,30,2822.0,2367
46,2,13,31,2909.5,2360
46,2,13,32,2983.0,2356
46,2,13,33,3068.5,2354
46,2,13,34,3131.5,2348
46,2,13,35,3192.0,2344
46,2,13,36,3262.0,2333
46,2,13,37,3317.0,2314
46,2,13,38,3382.0,2290
46,2,13,39,3470.0,2227
46,2,13,40,3570.0,2066
46,2,13,41,3669.0,1907
46,2,13,42,3766.0,1805
46,2,13,43,3790.0,1244
46,2,13,44,3808.5,316
46,2,13,45,3687.0,88
46,2,13,46,3710.0,19
46,2,13,47,3552.0,4
46,2,13,48,4147.0,1
46,2,13,49,4291.0,1
46,2,13,50,4322.0,1
46,2,14,14,124.0,2820
46,2,14,15,364.0,2801
46,2,14,16,520.0,2798
46,2,14,17,1036.0,2775
46,2,14,18,1183.0,2751
46,2,14,19,1300.0,2449
46,2,14,20,1393.0,2445
46,2,14,21,1511.5,2440
46,2,14,22,1590.0,2437
46,2,14,23,1717.0,2436
46,2,14,24,1817.0,2434
46,2,14,25,1934.5,2434
46,2,14,26,2028.5,2430
46,2,14,27,2190.0,2427
46,2,14,28,2283.0,2420
46,2,14,29,2549.0,2405
46,2,14,30,2644.0,2371
46,2,14,31,2733.0,2364
46,2,14,32,2807.0,2360
46,2,14,33,2900.0,2358
46,2,14,34,2954.5,2352
46,2,14,35,3016.0,2348
46,2,14,36,3081.0,2337
46,2,14,37,3136.0,2318
46,2,14,38,3203.5,2294
46,2,14,39,3294.0,2230
46,2,14,40,3396.0,2068
46,2,14,41,3493.0,1909
46,2,14,42,3584.0,1807
46,2,14,43,3615.5,1246
46,2,14,44,3650.0,318
46,2,14,45,3542.0,89
46,2,14,46,3564.5,20
46,2,14,47,3642.0,5
46,2,14,48,4413.0,2
46,2,14,49,4201.0,1
46,2,14,50,4232.0,1
46,2,15,15,198.0,2805
46,2,15,16,358.0,2802
46,2,15,17,870.0,2779
46,2,15,18,1013.0,2755
46,2,15,19,1133.0,2453
46,2,15,20,1226.0,2449
46,2,15,21,1345.0,2444
46,2,15,22,1424.0,2441
46,2,15,23,1551.0,2440
46,2,15,24,1650.0,2438
46,2,15,25,1771.0,2438
46,2,15,26,1864.0,2434
46,2,15,27,2024.0,2431
46,2,15,28,2117.5,2424
46,2,15,29,2383.0,2409
46,2,15,30,2475.0,2375
46,2,15,31,2565.0,2368
46,2,15,32,2637.0,2364
46,2,15,33,2724.0,2362
46,2,15,34,2783.5,2356
46,2,15,35,2844.0,2352
46,2,15,36,2915.0,2341
46,2,15,37,2972.0,2322
46,2,15,38,3032.0,2297
46,2,15,39,3129.0,2230
46,2,15,40,3230.0,2068
46,2,15,41,3322.0,1909
46,2,15,42,3422.0,1807
46,2,15,43,3446.0,1246
46,2,15,44,3476.5,318
46,2,15,45,3402.0,89
46,2,15,46,3382.0,20
46,2,15,47,3512.0,5
46,2,15,48,4124.0,2
46,2,15,49,4091.0,1
46,2,15,50,4122.0,1
46,2,16,16,113.0,2823
46,2,16,17,623.0,2800
46,2,16,18,768.0,2776
46,2,16,19,883.5,2474
46,2,16,20,978.0,2470
46,2,16,21,1097.0,2465
46,2,16,22,1177.0,2462
46,2,16,23,1304.0,2461
46,2,16,24,1402.0,2459
46,2,16,25,1521.0,2459
46,2,16,26,1617.0,2453
46,2,16,27,1767.0,2450
46,2,16,28,1864.0,2443
46,2,16,29,2131.0,2428
46,2,16,30,2224.0,2394
46,2,16,31,2316.0,2387
46,2,16,32,2389.0,2383
46,2,16,33,2478.0,2381
46,2,16,34,2536.0,2375
46,2,16,35,2597.0,2371
46,2,16,36,2661.0,2360
46,2,16,37,2718.0,2341
46,2,16,38,2780.0,2315
46,2,16,39,2875.0,2246
46,2,16,40,2973.0,2072
46,2,16,41,3072.0,1911
46,2,16,42,3175.0,1809
46,2,16,43,3206.0,1248
46,2,16,44,3247.0,319
46,2,16,45,3271.5,90
46,2,16,46,3281.0,21
46,2,16,47,3523.0,6
46,2,16,48,3980.0,2
46,2,16,49,3877.0,1
46,2,16,50,3908.0,1
46,2,17,17,461.0,2805
46,2,17,18,604.0,2781
46,2,17,19,723.0,2479
46,2,17,20,819.0,2475
46,2,17,21,941.0,2470
46,2,17,22,1019.0,2467
46,2,17,23,1147.5,2466
46,2,17,24,1246.0,2464
46,2,17,25,1365.0,2463
46,2,17,26,1459.0,2457
46,2,17,27,1609.0,2454
46,2,17,28,1700.0,2447
46,2,17,29,1969.0,2432
46,2,17,30,2065.0,2398
46,2,17,31,2158.0,2391
46,2,17,32,2227.0,2387
46,2,17,33,2318.0,2385
46,2,17,34,2378.0,2379
46,2,17,35,2437.0,2375
46,2,17,36,2508.0,2364
46,2,17,37,2561.0,2345
46,2,17,38,2624.0,2319
46,2,17,39,2717.5,2250
46,2,17,40,2817.5,2076
46,2,17,41,2913.0,1914
46,2,17,42,3017.0,1811
46,2,17,43,3060.0,1250
46,2,17,44,3112.0,321
46,2,17,45,3178.0,92
46,2,17,46,3245.0,22
46,2,17,47,3619.0,7
46,2,17,48,4154.0,3
46,2,17,49,4038.0,2
46,2,17,50,3848.0,1
46,2,18,18,93.0,2805
46,2,18,19,207.0,2500
46,2,18,20,302.0,2496
46,2,18,21,424.0,2491
46,2,18,22,505.0,2488
46,2,18,23,636.0,2487
46,2,18,24,732.0,2485
46,2,18,25,860.0,2483
46,2,18,26,952.0,2477
46,2,18,27,1105.0,2474
46,2,18,28,1198.0,2467
46,2,18,29,1459.0,2452
46,2,18,30,1549.0,2417
46,2,18,31,1636.0,2410
46,2,18,32,1709.5,2406
46,2,18,33,1795.0,2404
46,2,18,34,1849.5,2398
46,2,18,35,1914.0,2394
46,2,18,36,1981.0,2383
46,2,18,37,2040.0,2363
46,2,18,38,2102.0,2336
46,2,18,39,2193.0,2267
46,2,18,40,2288.5,2088
46,2,18,41,2393.0,1924
46,2,18,42,2488.0,1817
46,2,18,43,2536.0,1253
46,2,18,44,2711.0,322
46,2,18,45,3095.0,93
46,2,18,46,3198.0,22
46,2,18,47,3364.0,7
46,2,18,48,3888.0,3
46,2,18,49,3744.5,2
46,2,18,50,3593.0,1
46,2,19,19,78.0,2524
46,2,19,20,170.0,2520
46,2,19,21,290.0,2515
46,2,19,22,371.0,2512
46,2,19,23,500.0,2511
46,2,19,24,597.0,2509
46,2,19,25,720.0,2507
46,2,19,26,815.0,2501
46,2,19,27,967.0,2498
46,2,19,28,1062.0,2491
46,2,19,29,1328.0,2473
46,2,19,30,1415.0,2438
46,2,19,31,1501.0,2431
46,2,19,32,1570.0,2427
46,2,19,33,1657.0,2425
46,2,19,34,1716.0,2419
46,2,19,35,1776.0,2415
46,2,19,36,1845.0,2404
46,2,19,37,1901.0,2384
46,2,19,38,1965.0,2356
46,2,19,39,2059.0,2287
46,2,19,40,2154.0,2107
46,2,19,41,2253.0,1941
46,2,19,42,2352.0,1826
46,2,19,43,2398.0,1255
46,2,19,44,2554.0,322
46,2,19,45,2991.0,93
46,2,19,46,3133.0,22
46,2,19,47,3212.0,7
46,2,19,48,3615.0,3
46,2,19,49,3433.5,2
46,2,19,50,3244.0,1
46,2,20,20,61.0,2822
46,2,20,21,187.0,2817
46,2,20,22,268.0,2814
46,2,20,23,395.0,2812
46,2,20,24,491.0,2810
46,2,20,25,613.0,2808
46,2,20,26,708.0,2802
46,2,20,27,864.0,2799
46,2,20,28,955.0,2789
46,2,20,29,1215.0,2768
46,2,20,30,1305.0,2718
46,2,20,31,1399.5,2706
46,2,20,32,1472.0,2702
46,2,20,33,1559.0,2700
46,2,20,34,1617.0,2694
46,2,20,35,1683.0,2690
46,2,20,36,1747.0,2679
46,2,20,37,1805.0,2659
46,2,20,38,1864.0,2630
46,2,20,39,1955.0,2556
46,2,20,40,2049.0,2369
46,2,20,41,2142.5,2192
46,2,20,42,2241.0,2050
46,2,20,43,2286.0,1401
46,2,20,44,2352.0,349
46,2,20,45,2503.0,95
46,2,20,46,2927.0,23
46,2,20,47,3097.0,7
46,2,20,48,3506.0,3
46,2,20,49,3304.0,2
46,2,20,50,3094.0,1
46,2,21,21,81.0,2823
46,2,21,22,163.5,2820
46,2,21,23,289.0,2818
46,2,21,24,385.0,2816
46,2,21,25,504.0,2814
46,2,21,26,597.0,2808
46,2,21,27,751.0,2805
46,2,21,28,843.0,2795
46,2,21,29,1102.5,2774
46,2,21,30,1194.0,2724
46,2,21,31,1287.0,2712
46,2,21,32,1361.0,2708
46,2,21,33,1450.0,2706
46,2,21,34,1505.5,2700
46,2,21,35,1573.0,2696
46,2,21,36,1642.0,2685
46,2,21,37,1697.0,2665
46,2,21,38,1755.5,2636
46,2,21,39,1847.0,2562
46,2,21,40,1937.0,2375
46,2,21,41,2029.0,2198
46,2,21,42,2128.0,2055
46,2,21,43,2176.0,1405
46,2,21,44,2230.5,350
46,2,21,45,2369.5,96
46,2,21,46,2531.0,23
46,2,21,47,2855.0,7
46,2,21,48,3144.0,3
46,2,21,49,3118.0,2
46,2,21,50,3084.0,1
46,2,22,22,49.0,2825
46,2,22,23,177.0,2823
46,2,22,24,274.0,2821
46,2,22,25,392.0,2819
46,2,22,26,485.0,2813
46,2,22,27,635.0,2810
46,2,22,28,729.0,2800
46,2,22,29,989.0,2779
46,2,22,30,1081.0,2729
46,2,22,31,1177.0,2717
46,2,22,32,1247.0,2713
46,2,22,33,1337.0,2711
46,2,22,34,1395.0,2705
46,2,22,35,1457.0,2701
46,2,22,36,1526.0,2690
46,2,22,37,1583.0,2670
46,2,22,38,1644.0,2641
46,2,22,39,1734.0,2567
46,2,22,40,1824.5,2380
46,2,22,41,1918.0,2203
46,2,22,42,2010.5,2060
46,2,22,43,2059.5,1408
46,2,22,44,2131.0,353
46,2,22,45,2271.0,98
46,2,22,46,2340.0,23
46,2,22,47,2638.0,7
46,2,22,48,2946.0,3
46,2,22,49,3011.0,2
46,2,22,50,3068.0,1
46,2,23,23,93.0,2827
46,2,23,24,188.0,2825
46,2,23,25,306.0,2823
46,2,23,26,400.0,2817
46,2,23,27,548.0,2814
46,2,23,28,643.0,2804
46,2,23,29,903.0,2783
46,2,23,30,997.0,2733
46,2,23,31,1091.0,2721
46,2,23,32,1163.0,2716
46,2,23,33,1251.0,2714
46,2,23,34,1311.0,2708
46,2,23,35,1373.0,2704
46,2,23,36,1442.0,2693
46,2,23,37,1497.0,2673
46,2,23,38,1558.0,2644
46,2,23,39,1651.0,2570
46,2,23,40,1738.0,2383
46,2,23,41,1833.0,2206
46,2,23,42,1929.0,2063
46,2,23,43,1977.0,1411
46,2,23,44,2044.5,356
46,2,23,45,2180.0,101
46,2,23,46,2276.0,24
46,2,23,47,2469.0,7
46,2,23,48,2846.0,3
46,2,23,49,2904.0,2
46,2,23,50,3021.0,1
46,2,24,24,60.0,2827
46,2,24,25,181.0,2825
46,2,24,26,274.0,2819
46,2,24,27,425.0,2816
46,2,24,28,516.0,2806
46,2,24,29,777.0,2785
46,2,24,30,871.0,2734
46,2,24,31,965.0,2722
46,2,24,32,1038.0,2717
46,2,24,33,1124.0,2715
46,2,24,34,1184.0,2709
46,2,24,35,1246.0,2705
46,2,24,36,1315.0,2694
46,2,24,37,1368.0,2674
46,2,24,38,1429.0,2644
46,2,24,39,1522.0,2570
46,2,24,40,1608.0,2383
46,2,24,41,1704.5,2206
46,2,24,42,1797.0,2063
46,2,24,43,1842.0,1411
46,2,24,44,1918.0,356
46,2,24,45,2054.0,101
46,2,24,46,2141.5,24
46,2,24,47,2243.0,7
46,2,24,48,2490.0,3
46,2,24,49,2693.0,2
46,2,24,50,3009.0,1
46,2,25,25,82.0,2827
46,2,25,26,176.0,2821
46,2,25,27,326.0,2818
46,2,25,28,419.0,2808
46,2,25,29,682.0,2787
46,2,25,30,772.0,2736
46,2,25,31,867.0,2724
46,2,25,32,939.0,2719
46,2,25,33,1029.0,2717
46,2,25,34,1087.0,2711
46,2,25,35,1149.0,2707
46,2,25,36,1215.0,2696
46,2,25,37,1269.0,2676
46,2,25,38,1336.0,2646
46,2,25,39,1427.0,2572
46,2,25,40,1516.0,2385
46,2,25,41,1608.0,2207
46,2,25,42,1702.0,2064
46,2,25,43,1750.0,1411
46,2,25,44,1827.0,356
46,2,25,45,1951.0,101
46,2,25,46,2016.5,24
46,2,25,47,2109.0,7
46,2,25,48,2330.0,3
46,2,25,49,2391.0,2
46,2,25,50,2505.0,1
46,2,26,26,58.5,2822
46,2,26,27,207.0,2819
46,2,26,28,298.0,2809
46,2,26,29,565.0,2788
46,2,26,30,658.0,2737
46,2,26,31,752.0,2725
46,2,26,32,823.0,2720
46,2,26,33,913.0,2718
46,2,26,34,971.5,2712
46,2,26,35,1033.5,2708
46,2,26,36,1099.0,2697
46,2,26,37,1154.0,2677
46,2,26,38,1215.0,2647
46,2,26,39,1308.0,2573
46,2,26,40,1400.0,2386
46,2,26,41,1494.0,2208
46,2,26,42,1585.0,2065
46,2,26,43,1629.5,1412
46,2,26,44,1708.0,357
46,2,26,45,1837.0,102
46,2,26,46,1933.0,25
46,2,26,47,2064.5,8
46,2,26,48,2209.5,4
46,2,26,49,2276.5,2
46,2,26,50,2405.0,1
46,2,27,27,115.0,2823
46,2,27,28,208.0,2813
46,2,27,29,475.0,2792
46,2,27,30,568.0,2741
46,2,27,31,659.0,2729
46,2,27,32,731.0,2724
46,2,27,33,820.5,2722
46,2,27,34,878.0,2716
46,2,27,35,942.0,2711
46,2,27,36,1007.0,2698
46,2,27,37,1061.5,2678
46,2,27,38,1125.0,2648
46,2,27,39,1217.0,2574
46,2,27,40,1307.0,2387
46,2,27,41,1400.0,2209
46,2,27,42,1495.0,2066
46,2,27,43,1545.0,1413
46,2,27,44,1617.0,358
46,2,27,45,1747.0,103
46,2,27,46,1833.5,26
46,2,27,47,1964.0,9
46,2,27,48,2069.0,5
46,2,27,49,2213.0,3
46,2,27,50,2259.0,2
46,2,28,28,63.0,2816
46,2,28,29,334.0,2795
46,2,28,30,423.0,2744
46,2,28,31,517.0,2732
46,2,28,32,584.0,2727
46,2,28,33,680.0,2725
46,2,28,34,737.0,2719
46,2,28,35,796.0,2714
46,2,28,36,863.0,2701
46,2,28,37,916.0,2680
46,2,28,38,979.0,2649
46,2,28,39,1073.0,2575
46,2,28,40,1161.0,2387
46,2,28,41,1255.0,2209
46,2,28,42,1351.0,2066
46,2,28,43,1394.0,1413
46,2,28,44,1489.5,358
46,2,28,45,1626.0,103
46,2,28,46,1750.5,26
46,2,28,47,1819.0,9
46,2,28,48,1946.0,5
46,2,28,49,2011.0,3
46,2,28,50,2085.5,2
46,2,29,29,241.0,2802
46,2,29,30,331.0,2750
46,2,29,31,425.0,2737
46,2,29,32,489.0,2732
46,2,29,33,588.0,2730
46,2,29,34,642.0,2724
46,2,29,35,703.0,2719
46,2,29,36,770.0,2706
46,2,29,37,823.0,2684
46,2,29,38,885.0,2653
46,2,29,39,976.0,2579
46,2,29,40,1065.0,2390
46,2,29,41,1155.0,2212
46,2,29,42,1259.0,2068
46,2,29,43,1305.0,1414
46,2,29,44,1387.0,359
46,2,29,45,1544.0,103
46,2,29,46,1633.5,26
46,2,29,47,1695.0,9
46,2,29,48,1843.0,5
46,2,29,49,1940.0,3
46,2,29,50,2009.0,2
46,2,30,30,60.0,2767
46,2,30,31,148.0,2753
46,2,30,32,210.0,2747
46,2,30,33,308.0,2745
46,2,30,34,365.0,2739
46,2,30,35,425.0,2734
46,2,30,36,495.0,2721
46,2,30,37,550.0,2698
46,2,30,38,615.0,2664
46,2,30,39,706.0,2587
46,2,30,40,795.0,2397
46,2,30,41,884.0,2213
46,2,30,42,976.0,2069
46,2,30,43,1026.0,1415
46,2,30,44,1233.0,359
46,2,30,45,1399.0,103
46,2,30,46,1531.0,26
46,2,30,47,1597.0,9
46,2,30,48,1724.0,5
46,2,30,49,1845.0,3
46,2,30,50,1916.0,2
46,2,31,31,65.0,2789
46,2,31,32,121.0,2783
46,2,31,33,223.0,2776
46,2,31,34,283.0,2770
46,2,31,35,343.0,2765
46,2,31,36,410.0,2752
46,2,31,37,466.0,2729
46,2,31,38,530.0,2693
46,2,31,39,618.0,2609
46,2,31,40,705.0,2408
46,2,31,41,791.0,2215
46,2,31,42,889.0,2071
46,2,31,43,935.0,1417
46,2,31,44,1075.0,360
46,2,31,45,1295.0,103
46,2,31,46,1395.5,26
46,2,31,47,1527.0,9
46,2,31,48,1613.0,5
46,2,31,49,1710.0,3
46,2,31,50,1776.5,2
46,2,32,32,41.0,2818
46,2,32,33,142.0,2808
46,2,32,34,199.0,2802
46,2,32,35,262.0,2797
46,2,32,36,327.0,2784
46,2,32,37,382.0,2761
46,2,32,38,447.0,2723
46,2,32,39,534.0,2631
46,2,32,40,620.0,2422
46,2,32,41,706.0,2217
46,2,32,42,803.0,2072
46,2,32,43,856.5,1418
46,2,32,44,954.0,360
46,2,32,45,1029.0,103
46,2,32,46,1286.5,26
46,2,32,47,1408.0,9
46,2,32,48,1530.0,5
46,2,32,49,1635.0,3
46,2,32,50,1706.0,2
46,2,33,33,63.0,2817
46,2,33,34,129.0,2811
46,2,33,35,191.0,2806
46,2,33,36,256.0,2793
46,2,33,37,312.0,2770
46,2,33,38,371.0,2732
46,2,33,39,459.0,2640
46,2,33,40,547.0,2429
46,2,33,41,633.0,2223
46,2,33,42,727.0,2075
46,2,33,43,801.0,1419
46,2,33,44,873.5,360
46,2,33,45,941.0,103
46,2,33,46,1073.5,26
46,2,33,47,1337.0,9
46,2,33,48,1433.0,5
46,2,33,49,1550.0,3
46,2,33,50,1629.0,2
46,2,34,34,33.0,2821
46,2,34,35,94.0,2816
46,2,34,36,167.0,2803
46,2,34,37,219.0,2780
46,2,34,38,282.0,2742
46,2,34,39,371.0,2650
46,2,34,40,455.0,2437
46,2,34,41,539.5,2226
46,2,34,42,636.0,2077
46,2,34,43,689.0,1419
46,2,34,44,806.0,360
46,2,34,45,864.0,103
46,2,34,46,973.5,26
46,2,34,47,1139.0,9
46,2,34,48,1340.0,5
46,2,34,49,1461.0,3
46,2,34,50,1546.5,2
46,2,35,35,38.0,2823
46,2,35,36,103.0,2810
46,2,35,37,159.0,2787
46,2,35,38,221.0,2749
46,2,35,39,310.0,2657
46,2,35,40,393.0,2444
46,2,35,41,478.0,2232
46,2,35,42,573.0,2083
46,2,35,43,631.0,1424
46,2,35,44,704.0,360
46,2,35,45,810.0,103
46,2,35,46,874.0,26
46,2,35,47,1052.0,9
46,2,35,48,1251.0,5
46,2,35,49,1290.0,3
46,2,35,50,1394.0,2
46,2,36,36,43.0,2812
46,2,36,37,97.0,2789
46,2,36,38,162.0,2751
46,2,36,39,249.0,2659
46,2,36,40,333.0,2446
46,2,36,41,417.0,2234
46,2,36,42,511.0,2085
46,2,36,43,564.0,1426
46,2,36,44,639.0,361
46,2,36,45,706.0,103
46,2,36,46,816.0,26
46,2,36,47,915.0,9
46,2,36,48,1039.0,5
46,2,36,49,1196.0,3
46,2,36,50,1302.0,2
46,2,37,37,45.0,2795
46,2,37,38,104.0,2757
46,2,37,39,194.0,2664
46,2,37,40,280.0,2449
46,2,37,41,362.0,2237
46,2,37,42,459.0,2088
46,2,37,43,513.0,1429
46,2,37,44,566.0,361
46,2,37,45,638.0,103
46,2,37,46,687.0,26
46,2,37,47,817.0,9
46,2,37,48,896.0,5
46,2,37,49,968.0,3
46,2,37,50,1058.0,2
46,2,38,38,44.0,2768
46,2,38,39,134.0,2675
46,2,38,40,221.0,2458
46,2,38,41,304.0,2238
46,2,38,42,400.0,2088
46,2,38,43,461.0,1429
46,2,38,44,514.0,361
46,2,38,45,570.0,103
46,2,38,46,629.5,26
46,2,38,47,717.0,9
46,2,38,48,823.0,5
46,2,38,49,895.0,3
46,2,38,50,966.0,2
46,2,39,39,60.0,2689
46,2,39,40,145.0,2471
46,2,39,41,231.0,2248
46,2,39,42,325.0,2090
46,2,39,43,391.0,1430
46,2,39,44,463.0,361
46,2,39,45,521.0,103
46,2,39,46,566.0,26
46,2,39,47,665.0,9
46,2,39,48,742.0,5
46,2,39,49,830.0,3
46,2,39,50,894.0,2
46,2,40,40,66.0,2476
46,2,40,41,145.0,2253
46,2,40,42,242.0,2095
46,2,40,43,307.0,1432
46,2,40,44,392.0,362
46,2,40,45,466.0,103
46,2,40,46,506.0,26
46,2,40,47,565.0,9
46,2,40,48,649.0,5
46,2,40,49,770.0,3
46,2,40,50,840.0,2
46,2,41,41,60.0,2273
46,2,41,42,156.0,2113
46,2,41,43,217.0,1448
46,2,41,44,307.0,369
46,2,41,45,399.0,103
46,2,41,46,453.5,26
46,2,41,47,515.0,9
46,2,41,48,589.0,5
46,2,41,49,680.0,3
46,2,41,50,754.0,2
46,2,42,42,86.0,2234
46,2,42,43,150.0,1566
46,2,42,44,232.0,467
46,2,42,45,310.5,108
46,2,42,46,393.0,26
46,2,42,47,480.0,9
46,2,42,48,529.0,5
46,2,42,49,640.0,3
46,2,42,50,709.0,2
46,2,43,43,27.0,1693
46,2,43,44,152.0,592
46,2,43,45,255.0,215
46,2,43,46,315.0,28
46,2,43,47,418.0,9
46,2,43,48,503.0,5
46,2,43,49,571.0,3
46,2,43,50,644.5,2
46,2,44,44,28.0,631
46,2,44,45,143.0,253
46,2,44,46,274.5,60
46,2,44,47,337.5,10
46,2,44,48,424.0,5
46,2,44,49,498.0,3
46,2,44,50,568.0,2
46,2,45,45,23.5,260
46,2,45,46,135.0,67
46,2,45,47,263.0,17
46,2,45,48,324.0,5
46,2,45,49,428.0,3
46,2,45,50,483.0,2
46,2,46,46,23.5,68
46,2,46,47,148.5,18
46,2,46,48,245.0,6
46,2,46,49,354.0,3
46,2,46,50,401.5,2
46,2,47,47,26.5,18
46,2,47,48,135.5,6
46,2,47,49,263.0,3
46,2,47,50,292.0,2
46,2,48,48,27.5,6
46,2,48,49,185.0,3
46,2,48,50,203.0,2
46,2,49,49,106.0,3
46,2,49,50,152.0,2
46,2,50,50,25.0,2
